music_id,music_duration,music_key,music_acousticness,music_danceability,music_energy,music_instrumentalness,music_liveness,music_loudness,music_mode,music_speechness,music_valence,music_tempo
3h5TiWTqGxjSjFrbruPFH9,263040,6,0.128,0.66,0.727,1.31e-05,0.524,-4.028,0,0.0441,0.418,125.023
0mflMxspEfB0VbI1kyLiAv,182347,9,0.782,0.662,0.488,0.0,0.102,-6.894,1,0.0682,0.817,117.913
4xhsWYTOGcal8zt0J161CU,138411,2,0.0026,0.943,0.558,2.19e-06,0.0937,-4.911,1,0.0568,0.606,104.983
6tNQ70jh4OwmPGpYy6R2o9,180304,10,0.151,0.472,0.471,0.0,0.14,-5.692,1,0.0603,0.219,105.029
17phhZDn6oGtzMe56NuWvj,210689,9,0.199,0.561,0.604,1.9e-05,0.104,-4.409,1,0.0337,0.242,159.92
3rUGC1vUpkDG9CZFHMur1t,131872,6,0.256,0.75,0.733,0.0,0.114,-3.18,0,0.0319,0.844,111.018
4iZ4pt7kvcaH6Yo8UoZ4s2,201800,5,0.141,0.559,0.551,0.0,0.11,-7.231,1,0.132,0.392,143.008
1BxfuPKGuaTgP7aM0Bbdwr,178427,9,0.117,0.552,0.702,2.06e-05,0.105,-5.707,1,0.157,0.564,169.994
52eIcoLUM25zbQupAZYoFh,270698,2,0.00529,0.624,0.74,0.000224,0.5,-8.445,1,0.0481,0.246,172.089
4tKGFmENO69tZR9ahgZu48,230013,1,0.00234,0.73,0.849,2.6e-05,0.312,-5.281,0,0.0299,0.887,117.31
6WzRpISELf3YglGAh7TXcG,215467,1,0.0569,0.855,0.678,3.69e-05,0.412,-6.276,1,0.189,0.852,99.029
47WVBSXAXqouYBu0Uvnv9W,196393,9,0.333,0.834,0.551,2.04e-06,0.113,-5.662,0,0.0441,0.961,142.021
0ofHAoxe9vBkTCp2UQIavz,257800,0,0.0644,0.828,0.492,0.00428,0.128,-9.744,1,0.0276,0.789,120.151
6uTPdRrEDeH8Fyg5L5qmeU,125902,1,0.0504,0.781,0.567,0.0,0.0981,-7.857,1,0.0969,0.0743,121.964
4KULAymBBJcPRpk1yO4dOG,227196,0,0.554,0.429,0.453,2e-06,0.102,-7.746,1,0.0459,0.155,77.639
0h3Xy4V4apMraB5NuM8U7Z,213364,2,0.0638,0.875,0.518,0.00995,0.125,-8.388,1,0.0551,0.37,126.089
5mjYQaktjmjcMKcUIcqz4s,172965,11,0.701,0.628,0.523,0.00274,0.219,-8.307,0,0.0946,0.416,169.982
7to68V64Cu6zk0UDo5tyw3,253077,11,0.0637,0.59,0.562,0.0,0.105,-9.607,0,0.0505,0.561,140.835
7iUScoHKNJC5hqtA40vMlj,222784,0,0.00499,0.68,0.881,0.0253,0.574,-4.503,1,0.0553,0.105,174.062
1Qrg8KqiBpW07V7PNxwwwL,153947,8,0.0521,0.644,0.735,0.144,0.161,-5.747,1,0.0391,0.418,88.98
59NraMJsLaMCVtwXTSia8i,132359,8,0.001,0.638,0.717,1.79e-06,0.113,-5.804,1,0.0375,0.422,141.904
7DSAEUvxU8FajXtRloy8M0,200600,0,0.0584,0.706,0.691,6.99e-05,0.0232,-4.775,1,0.0633,0.632,118.048
5aIVCx5tnk0ntmdiinnYvw,200256,3,0.0856,0.673,0.722,0.0,0.137,-3.495,0,0.0755,0.519,117.187
3U5JVgI2x4rDyHGObzJfNf,259333,5,0.00584,0.706,0.8,0.0,0.0822,-6.333,1,0.0399,0.629,100.011
3WMj8moIAXJhHsyLaqIIHI,228013,4,0.555,0.369,0.192,8.35e-06,0.0954,-12.151,0,0.04,0.148,175.212
1yeB8MUNeLo9Ek1UEpsyz6,319192,2,0.0377,0.645,0.729,0.0,0.384,-4.56,1,0.0528,0.142,146.01
56y1jOTK0XSvJzVv9vHQBK,230480,2,0.255,0.864,0.556,3.85e-06,0.112,-7.683,0,0.194,0.726,99.974
3vkCueOmm7xQDoJ17W1Pm3,137773,9,0.868,0.504,0.308,0.135,0.158,-14.958,1,0.0321,0.121,113.95
7CyPwkp0oE8Ro9Dd5CUDjW,244685,8,0.0545,0.522,0.641,0.0,0.162,-6.287,1,0.0318,0.202,87.51
7gaA3wERFkFkgivjwbSvkG,214994,1,0.198,0.788,0.758,8.5e-05,0.104,-6.513,1,0.0505,0.823,119.008
3Pbp7cUCx4d3OAkZSCoNvn,159636,7,0.384,0.527,0.551,2.75e-06,0.403,-11.258,1,0.0345,0.443,148.035
3JvrhDOgAt6p7K8mDyZwRd,204280,1,0.431,0.484,0.731,0.0,0.151,-6.694,1,0.0379,0.51,101.654
6dpLxbF7lfCAnC9QRTjNLK,157486,6,0.0289,0.583,0.676,0.0634,0.121,-4.44,1,0.0298,0.134,77.002
2LawezPeJhN4AWuSB0GtAU,160133,0,0.0664,0.741,0.697,2.28e-05,0.133,-7.028,1,0.0277,0.774,116.109
4PMqSO5qyjpvzhlLI5GnID,278480,1,0.418,0.461,0.651,1.26e-05,0.782,-8.81,0,0.0568,0.383,121.07
5PyDJG7SQRgWXefgexqIge,265360,8,0.183,0.755,0.687,0.000177,0.125,-6.247,0,0.101,0.381,123.01
7K3BhSpAxZBznislvUMVtn,163855,6,0.467,0.492,0.675,0.0,0.142,-5.456,1,0.0389,0.478,203.759
3xKsf9qdS1CyvXSMEid6g8,184516,9,0.667,0.545,0.545,5.48e-05,0.417,-7.362,1,0.107,0.549,159.94
0cVyQfDyRnMJ0V3rjjdlU3,114234,0,0.152,0.85,0.699,0.0,0.32,-3.292,1,0.0776,0.915,114.481
2M9ro2krNb7nr7HSprkEgo,296800,4,0.313,0.711,0.292,0.0,0.131,-15.523,0,0.037,0.194,103.951
4OMJGnvZfDvsePyCwRGO7X,185918,9,0.0036,0.744,0.789,0.00144,0.0947,-4.876,0,0.059,0.866,116.985
1udwFobQ1JoOdWPQrp2b6u,229938,5,0.173,0.575,0.56,0.0,0.257,-7.302,1,0.478,0.471,75.956
1Lo0QY9cvc8sUB2vnIOxDT,265493,8,0.186,0.712,0.603,0.0,0.115,-5.52,1,0.0262,0.67,97.994
6r88rMGtfNgC0SJEytTA7c,252680,9,0.105,0.974,0.643,0.00141,0.0833,-8.857,0,0.0452,0.967,117.985
4Fuf1v4kPQ6RIvEGlUfvaq,169051,5,0.278,0.681,0.836,2.42e-06,0.0718,-3.325,0,0.0625,0.891,93.893
0WIv5qV41y6YjjB9V1biuC,188000,7,0.137,0.785,0.47,1.12e-06,0.131,-6.42,0,0.0329,0.0569,120.006
4E63weMCaNZuGPEFMnuEi8,159401,5,0.173,0.821,0.575,0.000242,0.114,-6.57,0,0.0589,0.611,136.962
4lJLnVBDuYMj6Knll4Wcnc,218720,3,0.49,0.707,0.921,0.000144,0.0527,-7.352,1,0.048,0.962,80.005
787Y2idwCU2Rk60Prv4wpr,207514,3,0.00353,0.747,0.822,0.132,0.165,-6.373,0,0.0721,0.578,129.994
3hRV0jL3vUpRrcy398teAU,208212,2,0.969,0.544,0.369,0.279,0.639,-9.514,1,0.038,0.102,87.01
0mflMxspEfB0VbI1kyLiAv,182347,9,0.782,0.662,0.488,0.0,0.102,-6.894,1,0.0682,0.817,117.913
4xhsWYTOGcal8zt0J161CU,138411,2,0.0026,0.943,0.558,2.19e-06,0.0937,-4.911,1,0.0568,0.606,104.983
6tNQ70jh4OwmPGpYy6R2o9,180304,10,0.151,0.472,0.471,0.0,0.14,-5.692,1,0.0603,0.219,105.029
3rUGC1vUpkDG9CZFHMur1t,131872,6,0.256,0.75,0.733,0.0,0.114,-3.18,0,0.0319,0.844,111.018
1BxfuPKGuaTgP7aM0Bbdwr,178427,9,0.117,0.552,0.702,2.06e-05,0.105,-5.707,1,0.157,0.564,169.994
59NraMJsLaMCVtwXTSia8i,132359,8,0.001,0.638,0.717,1.79e-06,0.113,-5.804,1,0.0375,0.422,141.904
17phhZDn6oGtzMe56NuWvj,210689,9,0.199,0.561,0.604,1.9e-05,0.104,-4.409,1,0.0337,0.242,159.92
4KULAymBBJcPRpk1yO4dOG,227196,0,0.554,0.429,0.453,2e-06,0.102,-7.746,1,0.0459,0.155,77.639
4tKGFmENO69tZR9ahgZu48,230013,1,0.00234,0.73,0.849,2.6e-05,0.312,-5.281,0,0.0299,0.887,117.31
6WzRpISELf3YglGAh7TXcG,215467,1,0.0569,0.855,0.678,3.69e-05,0.412,-6.276,1,0.189,0.852,99.029
787Y2idwCU2Rk60Prv4wpr,207514,3,0.00353,0.747,0.822,0.132,0.165,-6.373,0,0.0721,0.578,129.994
5mjYQaktjmjcMKcUIcqz4s,172965,11,0.701,0.628,0.523,0.00274,0.219,-8.307,0,0.0946,0.416,169.982
52eIcoLUM25zbQupAZYoFh,270698,2,0.00529,0.624,0.74,0.000224,0.5,-8.445,1,0.0481,0.246,172.089
3WMj8moIAXJhHsyLaqIIHI,228013,4,0.555,0.369,0.192,8.35e-06,0.0954,-12.151,0,0.04,0.148,175.212
3U5JVgI2x4rDyHGObzJfNf,259333,5,0.00584,0.706,0.8,0.0,0.0822,-6.333,1,0.0399,0.629,100.011
7gaA3wERFkFkgivjwbSvkG,214994,1,0.198,0.788,0.758,8.5e-05,0.104,-6.513,1,0.0505,0.823,119.008
1yeB8MUNeLo9Ek1UEpsyz6,319192,2,0.0377,0.645,0.729,0.0,0.384,-4.56,1,0.0528,0.142,146.01
56y1jOTK0XSvJzVv9vHQBK,230480,2,0.255,0.864,0.556,3.85e-06,0.112,-7.683,0,0.194,0.726,99.974
7K3BhSpAxZBznislvUMVtn,163855,6,0.467,0.492,0.675,0.0,0.142,-5.456,1,0.0389,0.478,203.759
4OMJGnvZfDvsePyCwRGO7X,185918,9,0.0036,0.744,0.789,0.00144,0.0947,-4.876,0,0.059,0.866,116.985
4iZ4pt7kvcaH6Yo8UoZ4s2,201800,5,0.141,0.559,0.551,0.0,0.11,-7.231,1,0.132,0.392,143.008
3h5TiWTqGxjSjFrbruPFH9,263040,6,0.128,0.66,0.727,1.31e-05,0.524,-4.028,0,0.0441,0.418,125.023
1Qrg8KqiBpW07V7PNxwwwL,153947,8,0.0521,0.644,0.735,0.144,0.161,-5.747,1,0.0391,0.418,88.98
5aIVCx5tnk0ntmdiinnYvw,200256,3,0.0856,0.673,0.722,0.0,0.137,-3.495,0,0.0755,0.519,117.187
7DSAEUvxU8FajXtRloy8M0,200600,0,0.0584,0.706,0.691,6.99e-05,0.0232,-4.775,1,0.0633,0.632,118.048
6uTPdRrEDeH8Fyg5L5qmeU,125902,1,0.0504,0.781,0.567,0.0,0.0981,-7.857,1,0.0969,0.0743,121.964
1kuGVB7EU95pJObxwvfwKS,219724,5,0.177,0.511,0.532,0.0,0.291,-5.745,1,0.0578,0.35,138.005
0V3wPSX9ygBnCm8psDIegu,200690,4,0.13,0.637,0.643,1.8e-06,0.142,-6.571,1,0.0519,0.533,97.008
3Pbp7cUCx4d3OAkZSCoNvn,159636,7,0.384,0.527,0.551,2.75e-06,0.403,-11.258,1,0.0345,0.443,148.035
7CyPwkp0oE8Ro9Dd5CUDjW,244685,8,0.0545,0.522,0.641,0.0,0.162,-6.287,1,0.0318,0.202,87.51
1Lo0QY9cvc8sUB2vnIOxDT,265493,8,0.186,0.712,0.603,0.0,0.115,-5.52,1,0.0262,0.67,97.994
2Zo1PcszsT9WQ0ANntJbID,185553,6,0.0893,0.787,0.686,0.0,0.0927,-4.37,0,0.0339,0.836,123.51
3JvrhDOgAt6p7K8mDyZwRd,204280,1,0.431,0.484,0.731,0.0,0.151,-6.694,1,0.0379,0.51,101.654
4E63weMCaNZuGPEFMnuEi8,159401,5,0.173,0.821,0.575,0.000242,0.114,-6.57,0,0.0589,0.611,136.962
7iUScoHKNJC5hqtA40vMlj,222784,0,0.00499,0.68,0.881,0.0253,0.574,-4.503,1,0.0553,0.105,174.062
1odExI7RdWc4BT515LTAwj,212954,2,0.83,0.508,0.43,0.000441,0.093,-9.475,0,0.0335,0.324,130.09
3vkCueOmm7xQDoJ17W1Pm3,137773,9,0.868,0.504,0.308,0.135,0.158,-14.958,1,0.0321,0.121,113.95
1swz9stsbG1p34SJHJqiww,180872,4,0.00483,0.56,0.699,0.0,0.223,-8.501,1,0.0327,0.512,122.942
1udwFobQ1JoOdWPQrp2b6u,229938,5,0.173,0.575,0.56,0.0,0.257,-7.302,1,0.478,0.471,75.956
5w40ZYhbBMAlHYNDaVJIUu,184013,2,0.00136,0.498,0.897,0.0,0.118,-4.907,1,0.045,0.373,169.902
6wf7Yu7cxBSPrRlWeSeK0Q,222370,0,0.959,0.444,0.0911,1.05e-06,0.098,-17.665,1,0.0307,0.142,78.403
4h9wh7iOZ0GGn8QVp4RAOB,148486,0,0.0826,0.704,0.797,0.000745,0.0546,-5.927,1,0.0475,0.825,139.994
31MNHKE86sEXzIglbGQ6mu,198448,7,0.223,0.777,0.686,0.00148,0.318,-6.498,0,0.0308,0.582,127.002
2Dct3GykKZ58hpWRFfe2Qd,171693,4,0.783,0.68,0.246,0.0,0.106,-14.112,1,0.058,0.388,110.23
1vYXt7VSjH9JIM5oRRo7vA,176579,11,0.0207,0.671,0.845,0.0,0.329,-4.93,0,0.048,0.775,110.056
3hRV0jL3vUpRrcy398teAU,208212,2,0.969,0.544,0.369,0.279,0.639,-9.514,1,0.038,0.102,87.01
003vvx7Niy0yvhvHt4a68B,222973,1,0.00121,0.352,0.911,0.0,0.0995,-5.23,1,0.0747,0.236,148.033
7qEHsqek33rTcFNT9PFqLf,182161,1,0.751,0.501,0.405,0.0,0.105,-5.679,1,0.0319,0.446,109.891
1Iq8oo9XkmmvCQiGOfORiz,229478,0,0.0504,0.596,0.658,0.0,0.127,-7.346,1,0.036,0.176,100.012
7to68V64Cu6zk0UDo5tyw3,253077,11,0.0637,0.59,0.562,0.0,0.105,-9.607,0,0.0505,0.561,140.835
7JKptWv4YXmievid0HajID,166537,2,0.182,0.482,0.792,0.0,0.744,-5.861,0,0.0859,0.572,154.932
1kqH58eGh2ZTOHwqBIB2tM,243899,6,0.313,0.76,0.703,0.0,0.0784,-3.667,1,0.0631,0.739,96.033
6VciS3dRMpZhJiDxT8ArFi,190000,7,0.588,0.704,0.571,0.0,0.117,-8.212,0,0.156,0.443,96.016
357iDuZ0IXAAg3Aj7UszqO,150000,9,0.0895,0.817,0.812,0.536,0.0669,-6.674,0,0.057,0.725,128.028
7bywjHOc0wSjGGbj04XbVi,196800,7,0.131,0.774,0.86,0.0,0.116,-2.888,0,0.13,0.446,100.019
1TyBUtMxdmRfXhW3MmbxtQ,165919,3,0.0935,0.731,0.855,0.0,0.688,-5.115,0,0.0513,0.966,148.042
6gV8ALkSHfJi7Bprabr1FC,171500,11,0.485,0.615,0.728,0.0,0.0672,-4.136,1,0.0752,0.84,89.681
5wcghdKONQcc5TKx9jCcns,155292,5,0.0805,0.814,0.63,0.0,0.101,-3.69,0,0.0881,0.702,89.974
6Es8Sk3xe1HiJ2MXCfHHwR,140625,5,0.0836,0.833,0.809,0.0,0.112,-2.751,0,0.0381,0.905,128.055
6vRQqxOhUFd78p5tL8jXr7,134144,7,0.0954,0.757,0.768,0.0,0.279,-5.752,1,0.034,0.972,149.099
5f4mOETLngamMDTJnbF9s7,120600,8,0.106,0.858,0.677,0.0,0.246,-4.294,1,0.118,0.584,100.046
35ttE4t8lQZA2vuCYDg4G7,184027,10,0.758,0.364,0.572,0.0,0.229,-5.861,0,0.0341,0.514,80.363
0kVpyCPMT52a05026zHGiq,141071,9,0.2,0.715,0.541,0.0,0.138,-6.909,0,0.041,0.735,83.975
1xxtsuafCIJm7WPQ1tdDDi,156632,0,0.254,0.613,0.775,0.0,0.275,-4.241,1,0.032,0.727,142.437
0mJRX0WnqWlu8Boe7gpQ1P,150000,10,0.352,0.857,0.708,0.0,0.1,-2.632,0,0.0402,0.914,98.009
1gAPIjqunPXRA4y1kYZi0q,148800,11,0.179,0.742,0.692,0.0,0.188,-3.687,1,0.0469,0.897,100.03
2xbH0CuDbid800YW5nMPzR,217491,0,0.111,0.729,0.807,0.0,0.145,-4.468,1,0.0307,0.654,94.021
4jn3R3KF5hx2fCiXlj89yE,186857,5,0.0927,0.767,0.607,0.0,0.112,-6.875,0,0.0516,0.38,104.98
7HrgGbnNKZKhBL70aFKpXk,234106,9,0.307,0.78,0.63,0.0,0.18,-4.719,1,0.105,0.789,87.999
6Z28dALKtAgZ7AZRfjMQjY,167600,11,0.00705,0.736,0.512,0.0,0.197,-10.957,1,0.0771,0.802,149.987
3tiJUOfAEqIrLFRQgGgdoY,163788,11,0.109,0.499,0.519,0.0,0.276,-8.199,1,0.0595,0.848,192.147
0H9WU0OIXPpbOVgzzOanXb,161591,7,0.513,0.781,0.601,0.0,0.268,-5.817,1,0.0459,0.853,88.06
1zgTTXWby9R40Gj9rHgH8e,184587,11,0.163,0.618,0.793,0.0,0.0822,-4.013,0,0.0493,0.688,88.01
11PV8CaPqlto9Uejx92C35,221601,11,0.251,0.721,0.782,0.0,0.107,-3.51,1,0.045,0.77,90.001
1smRP4zRit7A6ZDQXkFJWC,183329,9,0.079,0.73,0.697,0.0,0.0494,-3.067,1,0.0658,0.42,94.944
6q6aChVJ5LLXFUSfakwpxW,225661,11,0.385,0.761,0.827,6.42e-05,0.095,-4.189,0,0.0659,0.568,97.021
6hv8hai0yo19JF2c6pppj6,151654,7,0.0605,0.882,0.783,4.74e-05,0.141,-4.023,0,0.0985,0.555,127.035
4wS0TnQzVkY9ML1BPKpOk1,141079,0,0.422,0.646,0.907,0.0,0.14,-1.617,1,0.0593,0.816,168.004
1dtFrIzrr4DJZOHHESVwbt,383369,1,0.102,0.849,0.794,0.0,0.0813,-2.595,0,0.127,0.567,105.002
6XbtvPmIpyCbjuT0e8cQtp,186000,5,0.369,0.668,0.712,2.13e-05,0.108,-5.927,1,0.0381,0.264,100.02
7iQXYTyuG13aoeHxGG28Nh,162768,5,0.0887,0.911,0.778,2.16e-05,0.179,-2.248,1,0.262,0.345,96.057
3oNnzH6hmqIGIhJ1NcHlrh,160536,1,0.334,0.681,0.792,2.05e-06,0.295,-4.795,1,0.0587,0.4,98.09
7iUtQNMRB8ZkKC4AmEuCJC,174230,7,0.372,0.8,0.738,0.00877,0.19,-4.26,1,0.0691,0.267,103.008
0u6JsFiEEXb6kaF0oqyeFi,204000,1,0.223,0.736,0.902,0.0,0.375,-4.575,1,0.0832,0.554,149.945
6PMapQ7YSxkhAgNOvvoiWs,159101,10,0.0613,0.577,0.513,0.0,0.338,-7.653,0,0.0541,0.502,177.939
5O9IqFNUVtjRlDpdKex3YH,176797,7,0.373,0.781,0.573,0.0,0.117,-6.439,0,0.107,0.516,89.911
4GvEuYAfJlICR2SpMDaBxQ,172768,8,0.0023,0.869,0.568,0.00177,0.0778,-8.648,0,0.0729,0.35,98.015
4ZXZub1pPCWib6xlSHiTj6,145055,1,0.274,0.682,0.624,0.0,0.106,-3.714,1,0.0592,0.928,91.084
21RG4bCz6wb3iDCshmUGYT,148980,6,0.0227,0.7,0.854,0.0,0.19,-5.34,0,0.0375,0.968,146.983
4sl3IoHskl2Kbdy27gZ4yn,122500,6,0.343,0.811,0.649,0.0,0.121,-5.089,1,0.111,0.756,96.076
3ezO8gfskSWM3rk0GTfhFl,252348,6,0.262,0.667,0.604,0.0,0.0842,-5.119,0,0.128,0.7,81.869
3cDyocF0Ibdfs1SFQk5cLZ,199947,6,0.179,0.822,0.711,1.46e-05,0.083,-4.943,1,0.0668,0.934,102.984
1lSayCmr2lS6ndxELoabIG,167419,5,0.0863,0.771,0.656,0.0,0.115,-4.078,0,0.065,0.609,93.069
1Hs1uUl8o2VtDp1DABFq0O,338000,0,0.107,0.813,0.682,0.0,0.108,-3.598,1,0.0402,0.634,120.011
7jDYmAWdghEWmQyqwLpriE,171051,8,0.012,0.606,0.929,0.0,0.173,-2.555,0,0.0658,0.346,159.806
0iVcmJx7r74F7mTf7M6s0v,164101,2,0.291,0.844,0.68,0.0,0.553,-6.085,1,0.0644,0.619,100.109
6XjDF6nds4DE2BBbagZol6,222000,8,0.446,0.791,0.499,2.41e-05,0.0899,-8.472,0,0.0509,0.669,99.986
7pNzulQGBP6v2g4A2KnAJ6,162398,9,0.0208,0.877,0.647,1.14e-06,0.048,-4.63,0,0.15,0.828,97.973
2raFBS5ysJMxhd755bvAcf,145920,0,0.0341,0.658,0.798,0.0,0.175,-4.108,1,0.138,0.568,135.515
6CIMoDfTsvFVGhFi3v9Izn,133285,4,0.177,0.691,0.728,0.0,0.171,-5.722,0,0.0986,0.814,160.02
7bywjHOc0wSjGGbj04XbVi,196800,7,0.131,0.774,0.86,0.0,0.116,-2.888,0,0.13,0.446,100.019
7iQXYTyuG13aoeHxGG28Nh,162768,5,0.0887,0.911,0.778,2.16e-05,0.179,-2.248,1,0.262,0.345,96.057
0R6NfOiLzLj4O5VbYSJAjf,172264,11,0.255,0.751,0.819,0.0,0.236,-4.372,0,0.0409,0.697,131.842
7chTH3GBjjAyagf0SPCZDL,152500,8,0.0139,0.726,0.831,3.71e-06,0.0891,-2.035,0,0.12,0.489,95.997
05sO6FK8E9l2cfwnEUTjHq,172507,6,0.0179,0.916,0.481,0.0,0.121,-4.483,0,0.194,0.714,95.998
5RqSsdzTNPX1uzkmlHCFvK,172798,7,0.52,0.841,0.738,0.0,0.0892,-7.455,0,0.307,0.484,169.918
4bw8mcDUSRWfQo63ZTYRnU,142335,9,0.434,0.909,0.762,0.0,0.0856,-3.974,1,0.0643,0.843,101.987
1hZsWUnLbqRw09jLAMQSsb,195587,11,0.126,0.858,0.665,0.0,0.119,-4.772,1,0.152,0.659,100.09
5XVdHRf4CAJ2Jm0uMIy5qY,156346,11,0.152,0.778,0.835,0.0,0.109,-3.598,0,0.0767,0.666,140.082
2Yc3MHpZ9R5UCIz78E20AQ,90613,7,0.039,0.692,0.633,4.09e-05,0.118,-3.085,0,0.0721,0.319,98.088
505v13epFXodT9fVAJ6h8k,170480,6,0.183,0.92,0.696,0.0,0.149,-3.356,0,0.0742,0.545,106.966
7iUtQNMRB8ZkKC4AmEuCJC,174230,7,0.372,0.8,0.738,0.00877,0.19,-4.26,1,0.0691,0.267,103.008
2CeKVsFFXG4QzA415QygGb,155960,5,0.0863,0.865,0.573,0.0,0.305,-5.501,1,0.0678,0.563,94.999
4RbCdwPPk5XUpTrxAvntGM,257684,8,0.761,0.585,0.759,0.0,0.629,-5.626,0,0.0819,0.591,94.904
25OeKzcqakFPaJlXHPE5lm,186456,10,0.597,0.535,0.395,6.78e-05,0.0969,-7.805,1,0.0634,0.488,157.795
1zsPaEkglFvxjAhrM8yhpr,196600,1,0.00302,0.901,0.589,0.000237,0.0992,-6.713,0,0.289,0.399,98.002
01W6syCgxisKd0gDqFRdEG,121920,1,0.0416,0.835,0.824,2.52e-06,0.122,-3.928,1,0.288,0.323,93.932
6uIIdjYTxxpWOyWuVXrKQO,191467,10,0.183,0.808,0.944,1.11e-06,0.138,-4.863,0,0.0408,0.937,124.934
7ABLbnD53cQK00mhcaOUVG,197920,1,0.0739,0.708,0.737,0.00162,0.0955,-4.045,1,0.0436,0.607,91.986
0CYTGMBYkwUxrj1MWDLrC5,168133,8,0.114,0.743,0.831,6.43e-05,0.35,-4.042,0,0.0584,0.609,95.975
5jt25aFjW2kNoBqaEVaz5W,202174,5,0.307,0.757,0.789,0.0,0.0717,-3.46,0,0.0583,0.464,91.911
54zcJnb3tp9c5OVKREZ1Is,154375,5,0.0776,0.634,0.725,0.0,0.211,-4.945,0,0.0587,0.795,159.845
0T2pB7P1VdXPhLdQZ488uH,171880,4,0.034,0.709,0.56,0.0,0.315,-4.867,0,0.171,0.541,170.082
3tt9i3Hhzq84dPS8H7iSiJ,162638,7,0.583,0.835,0.679,1.98e-06,0.218,-5.329,0,0.0364,0.85,124.98
2hn2zOA2XFlv6DSmesylrL,150619,0,0.0509,0.791,0.892,0.000355,0.0609,-2.58,1,0.0521,0.916,97.008
6XbtvPmIpyCbjuT0e8cQtp,186000,5,0.369,0.668,0.712,2.13e-05,0.108,-5.927,1,0.0381,0.264,100.02
6VciS3dRMpZhJiDxT8ArFi,190000,7,0.588,0.704,0.571,0.0,0.117,-8.212,0,0.156,0.443,96.016
3KZCP2StVGdWkOKyRZNWA4,192120,6,0.117,0.841,0.774,2.66e-06,0.0674,-4.963,0,0.0421,0.494,95.006
1sbNEFiURUYfy024cJX8JG,167760,8,0.257,0.705,0.562,0.0,0.137,-3.378,0,0.0674,0.569,163.893
2yzshFeBIwH8tWIqHEFLeD,194563,9,0.213,0.571,0.72,0.0,0.271,-4.089,1,0.0458,0.542,83.827
5YJ4BVvTFmVCxUyhKejHfR,151667,1,0.4,0.815,0.856,8.34e-05,0.244,-3.825,0,0.122,0.872,91.995
4u8fUK0wSDHvVQ24SUMqZq,288054,5,0.674,0.691,0.628,0.0,0.129,-6.907,0,0.131,0.427,127.917
62xla8336vUnmxTWNzCfRt,228187,6,0.135,0.786,0.803,4.11e-06,0.11,-5.232,0,0.072,0.722,112.007
4FAKtPVycI4DxoOHC01YqD,216148,6,0.0492,0.783,0.729,0.000272,0.1,-3.549,0,0.0691,0.58,167.968
0p0cOpBujR114Wirv5AM7W,173991,1,0.379,0.711,0.718,0.0,0.119,-5.671,1,0.0994,0.689,159.953
1JpzJfxjHGFUyTHXLZidok,189333,5,0.104,0.811,0.5,0.0,0.372,-6.717,0,0.0976,0.789,178.017
6y8z28epOv5FlaxDv1Lo5B,176143,10,0.0575,0.796,0.68,0.000683,0.103,-5.555,0,0.37,0.71,179.923
3cDyocF0Ibdfs1SFQk5cLZ,199947,6,0.179,0.822,0.711,1.46e-05,0.083,-4.943,1,0.0668,0.934,102.984
5ktB9kTVHGFSMdJ2G0WdhN,205067,1,0.125,0.778,0.705,1.26e-06,0.0811,-4.565,0,0.0649,0.591,90.964
0IPD4hNAGIjVDBTHfVdv8o,407179,8,0.335,0.531,0.79,0.0,0.307,-4.236,0,0.348,0.693,117.027
2ItA7kOg5NH6AygzU30sEv,188827,9,0.543,0.714,0.714,0.0,0.337,-5.275,0,0.0732,0.951,83.997
4PA1wK0leCjmRZlP5dQ8Lv,191321,10,0.0687,0.715,0.642,0.0,0.0997,-7.492,0,0.0515,0.169,105.964
6CvTEtGagmzQvkUzzyKR9k,143327,1,0.0277,0.815,0.741,0.0183,0.219,-6.04,1,0.0569,0.591,125.031
3PpWCS95gDUDRPko3u1MZ9,166253,1,0.0451,0.647,0.801,0.0,0.0628,-2.946,0,0.249,0.517,180.108
3HqcNJdZ2seoGxhn0wVNDK,207627,1,0.576,0.87,0.517,0.00553,0.11,-7.918,1,0.0475,0.54,111.002
4MjDJD8cW7iVeWInc2Bdyj,267194,4,0.15,0.787,0.621,0.000402,0.58,-5.009,0,0.068,0.13,139.056
05WVKTdZhlIMX4qqMLuo0f,197333,9,0.0562,0.72,0.88,0.06,0.153,-2.834,1,0.101,0.463,180.011
6KaezqeYEakCN6jq5a7T1w,201649,10,0.121,0.898,0.719,0.000103,0.14,-4.029,0,0.1,0.863,97.029
6Sq7ltF9Qa7SNFBsV5Cogx,178567,1,0.0901,0.911,0.712,2.68e-05,0.0933,-5.105,0,0.0817,0.425,92.005
0O3U5iwTbiXCREMkvotJuN,165848,9,0.06,0.616,0.834,0.0,0.338,-3.069,1,0.0664,0.746,151.701
6tNQ70jh4OwmPGpYy6R2o9,180304,10,0.151,0.472,0.471,0.0,0.14,-5.692,1,0.0603,0.219,105.029
0mflMxspEfB0VbI1kyLiAv,182347,9,0.782,0.662,0.488,0.0,0.102,-6.894,1,0.0682,0.817,117.913
4xhsWYTOGcal8zt0J161CU,138411,2,0.0026,0.943,0.558,2.19e-06,0.0937,-4.911,1,0.0568,0.606,104.983
3rUGC1vUpkDG9CZFHMur1t,131872,6,0.256,0.75,0.733,0.0,0.114,-3.18,0,0.0319,0.844,111.018
4KULAymBBJcPRpk1yO4dOG,227196,0,0.554,0.429,0.453,2e-06,0.102,-7.746,1,0.0459,0.155,77.639
52eIcoLUM25zbQupAZYoFh,270698,2,0.00529,0.624,0.74,0.000224,0.5,-8.445,1,0.0481,0.246,172.089
17phhZDn6oGtzMe56NuWvj,210689,9,0.199,0.561,0.604,1.9e-05,0.104,-4.409,1,0.0337,0.242,159.92
1BxfuPKGuaTgP7aM0Bbdwr,178427,9,0.117,0.552,0.702,2.06e-05,0.105,-5.707,1,0.157,0.564,169.994
6uTPdRrEDeH8Fyg5L5qmeU,125902,1,0.0504,0.781,0.567,0.0,0.0981,-7.857,1,0.0969,0.0743,121.964
3vkCueOmm7xQDoJ17W1Pm3,137773,9,0.868,0.504,0.308,0.135,0.158,-14.958,1,0.0321,0.121,113.95
7K3BhSpAxZBznislvUMVtn,163855,6,0.467,0.492,0.675,0.0,0.142,-5.456,1,0.0389,0.478,203.759
3h5TiWTqGxjSjFrbruPFH9,263040,6,0.128,0.66,0.727,1.31e-05,0.524,-4.028,0,0.0441,0.418,125.023
1Lo0QY9cvc8sUB2vnIOxDT,265493,8,0.186,0.712,0.603,0.0,0.115,-5.52,1,0.0262,0.67,97.994
7CyPwkp0oE8Ro9Dd5CUDjW,244685,8,0.0545,0.522,0.641,0.0,0.162,-6.287,1,0.0318,0.202,87.51
6WzRpISELf3YglGAh7TXcG,215467,1,0.0569,0.855,0.678,3.69e-05,0.412,-6.276,1,0.189,0.852,99.029
3WMj8moIAXJhHsyLaqIIHI,228013,4,0.555,0.369,0.192,8.35e-06,0.0954,-12.151,0,0.04,0.148,175.212
7DSAEUvxU8FajXtRloy8M0,200600,0,0.0584,0.706,0.691,6.99e-05,0.0232,-4.775,1,0.0633,0.632,118.048
6wsqVwoiVH2kde4k4KKAFU,211582,5,0.0186,0.927,0.619,0.0,0.104,-4.441,0,0.0539,0.817,117.995
42VsgItocQwOQC3XWZ8JNA,191701,3,0.0316,0.569,0.882,0.0,0.142,-2.777,0,0.06,0.201,148.038
3Pbp7cUCx4d3OAkZSCoNvn,159636,7,0.384,0.527,0.551,2.75e-06,0.403,-11.258,1,0.0345,0.443,148.035
69phA1R4gmQsBFRQ3INW8C,121399,1,0.00617,0.65,0.539,2.67e-05,0.114,-7.281,1,0.0561,0.253,158.105
4iZ4pt7kvcaH6Yo8UoZ4s2,201800,5,0.141,0.559,0.551,0.0,0.11,-7.231,1,0.132,0.392,143.008
1yeB8MUNeLo9Ek1UEpsyz6,319192,2,0.0377,0.645,0.729,0.0,0.384,-4.56,1,0.0528,0.142,146.01
1kuGVB7EU95pJObxwvfwKS,219724,5,0.177,0.511,0.532,0.0,0.291,-5.745,1,0.0578,0.35,138.005
6wf7Yu7cxBSPrRlWeSeK0Q,222370,0,0.959,0.444,0.0911,1.05e-06,0.098,-17.665,1,0.0307,0.142,78.403
4E63weMCaNZuGPEFMnuEi8,159401,5,0.173,0.821,0.575,0.000242,0.114,-6.57,0,0.0589,0.611,136.962
7gaA3wERFkFkgivjwbSvkG,214994,1,0.198,0.788,0.758,8.5e-05,0.104,-6.513,1,0.0505,0.823,119.008
4rXLjWdF2ZZpXCVTfWcshS,125040,1,0.119,0.847,0.622,0.0,0.285,-6.747,0,0.0903,0.22,130.001
56y1jOTK0XSvJzVv9vHQBK,230480,2,0.255,0.864,0.556,3.85e-06,0.112,-7.683,0,0.194,0.726,99.974
1udwFobQ1JoOdWPQrp2b6u,229938,5,0.173,0.575,0.56,0.0,0.257,-7.302,1,0.478,0.471,75.956
2YSzYUF3jWqb9YP9VXmpjE,260111,8,0.0464,0.663,0.67,8.92e-05,0.205,-8.399,1,0.271,0.138,136.952
4OMJGnvZfDvsePyCwRGO7X,185918,9,0.0036,0.744,0.789,0.00144,0.0947,-4.876,0,0.059,0.866,116.985
3U5JVgI2x4rDyHGObzJfNf,259333,5,0.00584,0.706,0.8,0.0,0.0822,-6.333,1,0.0399,0.629,100.011
6rjuKpPydT2SxN15TZpV7r,144390,7,0.0942,0.722,0.785,0.0,0.119,-5.451,0,0.0763,0.529,122.986
5mjYQaktjmjcMKcUIcqz4s,172965,11,0.701,0.628,0.523,0.00274,0.219,-8.307,0,0.0946,0.416,169.982
4kjI1gwQZRKNDkw1nI475M,251250,0,0.651,0.455,0.621,2.59e-06,0.123,-7.694,0,0.0517,0.28,119.043
3xKsf9qdS1CyvXSMEid6g8,184516,9,0.667,0.545,0.545,5.48e-05,0.417,-7.362,1,0.107,0.549,159.94
2yUzr8Sr6ldG8vmHhZwTnz,220584,1,0.00495,0.678,0.758,0.0,0.57,-6.524,1,0.227,0.318,165.423
6dpLxbF7lfCAnC9QRTjNLK,157486,6,0.0289,0.583,0.676,0.0634,0.121,-4.44,1,0.0298,0.134,77.002
2M9ro2krNb7nr7HSprkEgo,296800,4,0.313,0.711,0.292,0.0,0.131,-15.523,0,0.037,0.194,103.951
1odExI7RdWc4BT515LTAwj,212954,2,0.83,0.508,0.43,0.000441,0.093,-9.475,0,0.0335,0.324,130.09
4tKGFmENO69tZR9ahgZu48,230013,1,0.00234,0.73,0.849,2.6e-05,0.312,-5.281,0,0.0299,0.887,117.31
1Qrg8KqiBpW07V7PNxwwwL,153947,8,0.0521,0.644,0.735,0.144,0.161,-5.747,1,0.0391,0.418,88.98
47Xj8eIAp7hYOOqArmkqZE,209427,4,0.796,0.615,0.451,0.0,0.113,-6.019,1,0.0272,0.658,141.947
3JvrhDOgAt6p7K8mDyZwRd,204280,1,0.431,0.484,0.731,0.0,0.151,-6.694,1,0.0379,0.51,101.654
0PAcdVzhPO4gq1Iym9ESnK,177388,3,0.492,0.656,0.757,0.0,0.117,-5.775,0,0.0308,0.429,139.971
22VHOlVYBqytsrAqV8yXBK,213817,8,0.121,0.667,0.613,0.0,0.113,-7.147,1,0.0313,0.681,112.046
5aIVCx5tnk0ntmdiinnYvw,200256,3,0.0856,0.673,0.722,0.0,0.137,-3.495,0,0.0755,0.519,117.187
4EWCNWgDS8707fNSZ1oaA5,211000,10,0.0515,0.79,0.647,0.0,0.248,-5.983,0,0.136,0.654,87.999
68Dni7IE4VyPkTOH9mRWHr,292799,10,0.324,0.69,0.521,0.0,0.0534,-8.492,0,0.339,0.494,100.028
0R6NfOiLzLj4O5VbYSJAjf,172264,11,0.255,0.751,0.819,0.0,0.236,-4.372,0,0.0409,0.697,131.842
5XVdHRf4CAJ2Jm0uMIy5qY,156346,11,0.152,0.778,0.835,0.0,0.109,-3.598,0,0.0767,0.666,140.082
6XaJfhwof7qIgbbXO5tIQI,260371,5,0.00348,0.685,0.61,0.00054,0.183,-5.36,0,0.0343,0.464,107.999
3QQAeMQbbjZXVFbF8DgFWT,169440,2,0.358,0.694,0.588,0.0,0.299,-6.24,1,0.0565,0.794,73.929
6uIIdjYTxxpWOyWuVXrKQO,191467,10,0.183,0.808,0.944,1.11e-06,0.138,-4.863,0,0.0408,0.937,124.934
6CvTEtGagmzQvkUzzyKR9k,143327,1,0.0277,0.815,0.741,0.0183,0.219,-6.04,1,0.0569,0.591,125.031
6ED7qim1NAX1HjNU8039WS,197114,7,0.00331,0.787,0.769,0.00332,0.115,-4.681,0,0.0335,0.509,128.0
4loIMejzvt11s97SGVEat8,156040,4,0.426,0.779,0.88,0.0,0.0691,-2.212,0,0.065,0.732,140.282
6RcAHyC5sAUIbPTkhOQwd8,179013,7,0.424,0.728,0.589,7.78e-06,0.166,-7.115,1,0.0376,0.767,77.475
7bywjHOc0wSjGGbj04XbVi,196800,7,0.131,0.774,0.86,0.0,0.116,-2.888,0,0.13,0.446,100.019
6YOfGIE6iFxC7G8OlGGvzW,168677,11,0.292,0.761,0.658,1.55e-06,0.137,-7.188,1,0.0429,0.895,125.036
05tGmdz9dVZ4yGqz4YJdPK,249465,2,0.536,0.794,0.738,0.0,0.189,-3.842,1,0.034,0.838,131.857
2OWv3lRR8PtOVuHWzQNRs2,165635,2,0.607,0.757,0.642,0.0355,0.169,-7.966,0,0.0369,0.759,130.098
127UT7AiWflJwjXWUBBVTQ,242133,8,0.076,0.684,0.509,0.0,0.0533,-10.702,1,0.0397,0.796,99.24
0O3U5iwTbiXCREMkvotJuN,165848,9,0.06,0.616,0.834,0.0,0.338,-3.069,1,0.0664,0.746,151.701
1sXr6moCwVxwKEgSPxhVvF,170832,10,0.101,0.744,0.842,2.43e-06,0.148,-6.576,0,0.0358,0.814,125.258
5RqSsdzTNPX1uzkmlHCFvK,172798,7,0.52,0.841,0.738,0.0,0.0892,-7.455,0,0.307,0.484,169.918
05WVKTdZhlIMX4qqMLuo0f,197333,9,0.0562,0.72,0.88,0.06,0.153,-2.834,1,0.101,0.463,180.011
2TJKY0WSFufZOzbRNgl6zE,194769,5,0.132,0.793,0.476,0.0,0.115,-10.515,0,0.0406,0.578,129.992
1rXxK89X0XGpIdTB6CwiFu,168087,9,0.0632,0.743,0.634,0.0,0.198,-5.358,1,0.0334,0.263,129.888
4bw8mcDUSRWfQo63ZTYRnU,142335,9,0.434,0.909,0.762,0.0,0.0856,-3.974,1,0.0643,0.843,101.987
1TEKUj8c5iyRNUUxo9SdSD,220298,4,0.182,0.756,0.812,0.0,0.227,-3.483,0,0.0538,0.571,134.887
7mXuWTczZNxG5EDcjFEuJR,212878,5,0.216,0.646,0.736,0.0,0.415,-7.118,0,0.0449,0.873,140.098
7iQXYTyuG13aoeHxGG28Nh,162768,5,0.0887,0.911,0.778,2.16e-05,0.179,-2.248,1,0.262,0.345,96.057
51qYdMBxt9mFbtZBzq1Yfi,185933,4,0.197,0.792,0.516,0.0,0.0855,-6.097,0,0.027,0.916,108.939
25OeKzcqakFPaJlXHPE5lm,186456,10,0.597,0.535,0.395,6.78e-05,0.0969,-7.805,1,0.0634,0.488,157.795
4zfQER4owi8q6NL8Gg63Ya,199964,4,0.216,0.809,0.836,9.44e-05,0.112,-6.565,0,0.043,0.778,125.953
1xgWArLVFD1AKsLzftZYc2,196832,1,0.0812,0.76,0.711,0.0,0.0921,-6.966,1,0.0646,0.798,128.134
3FvTHuefYV6TxE3Kseqno8,188000,7,0.0622,0.739,0.579,0.0,0.454,-8.361,0,0.0509,0.694,130.002
4t46soaqA758rbukTO5pp1,188667,9,0.0185,0.807,0.665,0.0,0.118,-6.961,0,0.0497,0.864,127.909
1tzj4DDVNp6X2ltpdTGtZW,198976,2,0.271,0.645,0.834,0.0,0.0795,-3.499,1,0.0393,0.962,147.642
29vIEdxgMT9H1fnBMecWjA,164387,8,0.204,0.702,0.836,0.0,0.0698,-3.599,1,0.0658,0.63,117.897
1UL2Sn9KX8StSDOp8ZEAOC,188090,8,0.806,0.782,0.596,0.0305,0.109,-11.917,0,0.142,0.854,88.986
213Q7w8RMi5qbj18kvWasy,184149,11,0.132,0.688,0.528,0.0,0.403,-6.383,0,0.1,0.466,130.169
0lbDzTINTToToBpkrnQT2t,280377,4,0.0281,0.727,0.835,5.88e-06,0.223,-6.508,1,0.0394,0.735,135.094
2DRGyAlo0ht15FGLTQPCCt,179601,5,0.0365,0.83,0.866,3.46e-06,0.0904,-6.634,0,0.0358,0.722,123.051
4GvEuYAfJlICR2SpMDaBxQ,172768,8,0.0023,0.869,0.568,0.00177,0.0778,-8.648,0,0.0729,0.35,98.015
1PTgQ0HyfwbXRKapVPNKxI,202000,10,0.0458,0.703,0.669,0.0,0.0992,-6.734,0,0.0416,0.763,133.096
2NQZVzSRRatbbPWD5IfadH,193022,0,0.157,0.554,0.763,0.0,0.0968,-6.116,0,0.0711,0.224,164.944
1GtIK8iINes4gNt06F60NU,185240,5,0.442,0.626,0.708,3.04e-06,0.137,-7.097,1,0.0556,0.883,168.162
5HR7yfhSCeoOHRQN05XnZQ,169419,10,0.188,0.497,0.644,0.0,0.114,-4.309,1,0.0443,0.779,162.542
3PdxzrKH2jVQwAYWe0OMK8,158036,6,0.137,0.796,0.55,0.0,0.327,-6.941,1,0.0746,0.837,127.982
7iUtQNMRB8ZkKC4AmEuCJC,174230,7,0.372,0.8,0.738,0.00877,0.19,-4.26,1,0.0691,0.267,103.008
5cWgwbui8BasfjCXvBZ7UA,153954,9,0.14,0.778,0.739,0.0,0.335,-4.969,1,0.0385,0.847,119.99
6VciS3dRMpZhJiDxT8ArFi,190000,7,0.588,0.704,0.571,0.0,0.117,-8.212,0,0.156,0.443,96.016
3wlIAXSDtlD9iU8ysld06Z,265045,9,0.513,0.776,0.701,0.0,0.0902,-5.223,1,0.0254,0.603,112.032
5SHXikmjPwChjvpVIeYkMf,176135,7,0.2,0.743,0.495,8.23e-06,0.103,-6.992,0,0.0375,0.512,134.933
1RzjXhgnzqb3dMa5852itx,153032,7,0.464,0.736,0.862,0.0,0.0904,-4.136,0,0.0333,0.799,145.001
5B8FWDSKUT5Ui1CsCfopWh,162649,5,0.512,0.725,0.484,0.0,0.138,-8.501,1,0.052,0.881,97.398
2yzshFeBIwH8tWIqHEFLeD,194563,9,0.213,0.571,0.72,0.0,0.271,-4.089,1,0.0458,0.542,83.827
6tNQ70jh4OwmPGpYy6R2o9,180304,10,0.151,0.472,0.471,0.0,0.14,-5.692,1,0.0603,0.219,105.029
0mflMxspEfB0VbI1kyLiAv,182347,9,0.782,0.662,0.488,0.0,0.102,-6.894,1,0.0682,0.817,117.913
52eIcoLUM25zbQupAZYoFh,270698,2,0.00529,0.624,0.74,0.000224,0.5,-8.445,1,0.0481,0.246,172.089
4KULAymBBJcPRpk1yO4dOG,227196,0,0.554,0.429,0.453,2e-06,0.102,-7.746,1,0.0459,0.155,77.639
4xhsWYTOGcal8zt0J161CU,138411,2,0.0026,0.943,0.558,2.19e-06,0.0937,-4.911,1,0.0568,0.606,104.983
6uTPdRrEDeH8Fyg5L5qmeU,125902,1,0.0504,0.781,0.567,0.0,0.0981,-7.857,1,0.0969,0.0743,121.964
3vkCueOmm7xQDoJ17W1Pm3,137773,9,0.868,0.504,0.308,0.135,0.158,-14.958,1,0.0321,0.121,113.95
0R6NfOiLzLj4O5VbYSJAjf,172264,11,0.255,0.751,0.819,0.0,0.236,-4.372,0,0.0409,0.697,131.842
4iZ4pt7kvcaH6Yo8UoZ4s2,201800,5,0.141,0.559,0.551,0.0,0.11,-7.231,1,0.132,0.392,143.008
3rUGC1vUpkDG9CZFHMur1t,131872,6,0.256,0.75,0.733,0.0,0.114,-3.18,0,0.0319,0.844,111.018
1BxfuPKGuaTgP7aM0Bbdwr,178427,9,0.117,0.552,0.702,2.06e-05,0.105,-5.707,1,0.157,0.564,169.994
17phhZDn6oGtzMe56NuWvj,210689,9,0.199,0.561,0.604,1.9e-05,0.104,-4.409,1,0.0337,0.242,159.92
69phA1R4gmQsBFRQ3INW8C,121399,1,0.00617,0.65,0.539,2.67e-05,0.114,-7.281,1,0.0561,0.253,158.105
6wsqVwoiVH2kde4k4KKAFU,211582,5,0.0186,0.927,0.619,0.0,0.104,-4.441,0,0.0539,0.817,117.995
3WMj8moIAXJhHsyLaqIIHI,228013,4,0.555,0.369,0.192,8.35e-06,0.0954,-12.151,0,0.04,0.148,175.212
1yeB8MUNeLo9Ek1UEpsyz6,319192,2,0.0377,0.645,0.729,0.0,0.384,-4.56,1,0.0528,0.142,146.01
42VsgItocQwOQC3XWZ8JNA,191701,3,0.0316,0.569,0.882,0.0,0.142,-2.777,0,0.06,0.201,148.038
1udwFobQ1JoOdWPQrp2b6u,229938,5,0.173,0.575,0.56,0.0,0.257,-7.302,1,0.478,0.471,75.956
79AHPJd8upvNxyK2qQcY8J,192819,1,0.078,0.745,0.663,0.0,0.213,-5.056,1,0.423,0.686,167.137
7CyPwkp0oE8Ro9Dd5CUDjW,244685,8,0.0545,0.522,0.641,0.0,0.162,-6.287,1,0.0318,0.202,87.51
6XaJfhwof7qIgbbXO5tIQI,260371,5,0.00348,0.685,0.61,0.00054,0.183,-5.36,0,0.0343,0.464,107.999
6rjuKpPydT2SxN15TZpV7r,144390,7,0.0942,0.722,0.785,0.0,0.119,-5.451,0,0.0763,0.529,122.986
7K3BhSpAxZBznislvUMVtn,163855,6,0.467,0.492,0.675,0.0,0.142,-5.456,1,0.0389,0.478,203.759
1kuGVB7EU95pJObxwvfwKS,219724,5,0.177,0.511,0.532,0.0,0.291,-5.745,1,0.0578,0.35,138.005
1Lo0QY9cvc8sUB2vnIOxDT,265493,8,0.186,0.712,0.603,0.0,0.115,-5.52,1,0.0262,0.67,97.994
3xKsf9qdS1CyvXSMEid6g8,184516,9,0.667,0.545,0.545,5.48e-05,0.417,-7.362,1,0.107,0.549,159.94
5XVdHRf4CAJ2Jm0uMIy5qY,156346,11,0.152,0.778,0.835,0.0,0.109,-3.598,0,0.0767,0.666,140.082
4HMop4Re0iucehmF7mgV27,158537,5,0.435,0.718,0.417,8.73e-05,0.0748,-13.02,0,0.0502,0.749,138.811
6WzRpISELf3YglGAh7TXcG,215467,1,0.0569,0.855,0.678,3.69e-05,0.412,-6.276,1,0.189,0.852,99.029
7sTyAjxDXq9afwfSQy6D0s,147744,1,0.00113,0.671,0.615,1.3e-06,0.211,-9.593,1,0.0955,0.109,130.031
4rXLjWdF2ZZpXCVTfWcshS,125040,1,0.119,0.847,0.622,0.0,0.285,-6.747,0,0.0903,0.22,130.001
2YSzYUF3jWqb9YP9VXmpjE,260111,8,0.0464,0.663,0.67,8.92e-05,0.205,-8.399,1,0.271,0.138,136.952
5PyDJG7SQRgWXefgexqIge,265360,8,0.183,0.755,0.687,0.000177,0.125,-6.247,0,0.101,0.381,123.01
7gaA3wERFkFkgivjwbSvkG,214994,1,0.198,0.788,0.758,8.5e-05,0.104,-6.513,1,0.0505,0.823,119.008
6wf7Yu7cxBSPrRlWeSeK0Q,222370,0,0.959,0.444,0.0911,1.05e-06,0.098,-17.665,1,0.0307,0.142,78.403
1Qrg8KqiBpW07V7PNxwwwL,153947,8,0.0521,0.644,0.735,0.144,0.161,-5.747,1,0.0391,0.418,88.98
7DSAEUvxU8FajXtRloy8M0,200600,0,0.0584,0.706,0.691,6.99e-05,0.0232,-4.775,1,0.0633,0.632,118.048
4TJUS843fKiqqIzycM74Oy,211307,7,0.441,0.618,0.672,1.49e-06,0.214,-7.92,1,0.0353,0.705,133.439
7KA4W4McWYRpgf0fWsJZWB,180387,6,0.371,0.558,0.559,7.49e-06,0.109,-9.222,1,0.0959,0.62,78.558
4KW1lqgSr8TKrvBII0Brf8,135920,7,0.118,0.724,0.573,0.0,0.538,-4.113,1,0.0549,0.438,113.088
7aqfrAY2p9BUSiupwk3svU,247444,2,0.0277,0.47,0.64,0.0,0.382,-7.779,1,0.32,0.248,163.92
3h5TiWTqGxjSjFrbruPFH9,263040,6,0.128,0.66,0.727,1.31e-05,0.524,-4.028,0,0.0441,0.418,125.023
68Dni7IE4VyPkTOH9mRWHr,292799,10,0.324,0.69,0.521,0.0,0.0534,-8.492,0,0.339,0.494,100.028
56y1jOTK0XSvJzVv9vHQBK,230480,2,0.255,0.864,0.556,3.85e-06,0.112,-7.683,0,0.194,0.726,99.974
0PAcdVzhPO4gq1Iym9ESnK,177388,3,0.492,0.656,0.757,0.0,0.117,-5.775,0,0.0308,0.429,139.971
4E63weMCaNZuGPEFMnuEi8,159401,5,0.173,0.821,0.575,0.000242,0.114,-6.57,0,0.0589,0.611,136.962
2yUzr8Sr6ldG8vmHhZwTnz,220584,1,0.00495,0.678,0.758,0.0,0.57,-6.524,1,0.227,0.318,165.423
6dBUzqjtbnIa1TwYbyw5CM,213920,5,7.53e-06,0.559,0.871,0.00545,0.096,-5.338,0,0.0397,0.572,104.97
4w2Furap0ZzaiK4J14E9sR,141639,9,0.0403,0.967,0.545,0.000195,0.0809,-6.647,1,0.207,0.311,122.101
2Zo1PcszsT9WQ0ANntJbID,185553,6,0.0893,0.787,0.686,0.0,0.0927,-4.37,0,0.0339,0.836,123.51
2qHvD3r5qu4wuPpvq3CQKb,170323,7,0.171,0.552,0.61,0.0,0.071,-6.304,1,0.0657,0.225,92.936
3BFh8rR6aMexy7ELu2UQy3,168594,4,0.386,0.728,0.59,0.0612,0.162,-5.787,0,0.204,0.238,93.977
6VciS3dRMpZhJiDxT8ArFi,190000,7,0.588,0.704,0.571,0.0,0.117,-8.212,0,0.156,0.443,96.016
7bywjHOc0wSjGGbj04XbVi,196800,7,0.131,0.774,0.86,0.0,0.116,-2.888,0,0.13,0.446,100.019
7iUtQNMRB8ZkKC4AmEuCJC,174230,7,0.372,0.8,0.738,0.00877,0.19,-4.26,1,0.0691,0.267,103.008
357iDuZ0IXAAg3Aj7UszqO,150000,9,0.0895,0.817,0.812,0.536,0.0669,-6.674,0,0.057,0.725,128.028
35ttE4t8lQZA2vuCYDg4G7,184027,10,0.758,0.364,0.572,0.0,0.229,-5.861,0,0.0341,0.514,80.363
3Cx4BsDd4q0GCVBJ5CAw2K,252040,6,0.361,0.76,0.646,0.000109,0.254,-5.009,1,0.068,0.576,97.917
1kqH58eGh2ZTOHwqBIB2tM,243899,6,0.313,0.76,0.703,0.0,0.0784,-3.667,1,0.0631,0.739,96.033
0qZhK4gFB5c1Wxsnd6WA8U,243806,7,0.675,0.668,0.807,2.06e-05,0.0995,-6.147,0,0.186,0.544,132.087
6Es8Sk3xe1HiJ2MXCfHHwR,140625,5,0.0836,0.833,0.809,0.0,0.112,-2.751,0,0.0381,0.905,128.055
4SmMe198ot30paOyvuTH5w,157846,0,0.538,0.714,0.718,0.0,0.102,-3.888,0,0.0943,0.815,129.991
7iQXYTyuG13aoeHxGG28Nh,162768,5,0.0887,0.911,0.778,2.16e-05,0.179,-2.248,1,0.262,0.345,96.057
4ypCNolz6aRYZPO3UOGp8Z,183577,9,0.00413,0.707,0.653,0.000287,0.113,-6.149,0,0.0323,0.779,129.994
6XbtvPmIpyCbjuT0e8cQtp,186000,5,0.369,0.668,0.712,2.13e-05,0.108,-5.927,1,0.0381,0.264,100.02
0T0Oo2aVRt5a39D3ObeWwm,175587,6,0.225,0.812,0.489,0.00108,0.105,-6.412,1,0.149,0.788,147.052
68OXeY9CUQebrOAAh3b3Jw,202361,0,0.427,0.77,0.907,4.34e-06,0.132,-4.679,0,0.215,0.696,149.997
559YUIWxUc8Mx4lsla13Ff,190497,7,0.191,0.711,0.752,0.0106,0.338,-7.574,0,0.2,0.528,145.047
0QRHOAeU8JRaVVn3UoZBih,211879,10,0.632,0.724,0.578,1.06e-06,0.0943,-7.117,1,0.0819,0.757,167.985
2kz1YOhJiNubjigR1gB1VX,197053,9,0.343,0.845,0.795,1.78e-05,0.224,-3.502,0,0.0681,0.681,94.969
5xSt1wxZobFcLzHrFakv6z,224726,2,0.563,0.616,0.673,0.0,0.122,-3.948,1,0.0327,0.21,99.971
5QtB74eCS2YzHvEfSlh8MG,216338,1,0.58,0.458,0.52,5.98e-05,0.248,-6.902,0,0.175,0.38,141.636
0p0cOpBujR114Wirv5AM7W,173991,1,0.379,0.711,0.718,0.0,0.119,-5.671,1,0.0994,0.689,159.953
6gMj2DzKR2PjrrbNSwcGFR,235200,7,0.17,0.813,0.866,0.0,0.0421,-3.239,1,0.0851,0.647,99.994
18W8cuvcub2B9NQzm5rZxf,169209,1,0.0927,0.792,0.725,0.0,0.0702,-5.821,0,0.171,0.68,138.867
5RqSsdzTNPX1uzkmlHCFvK,172798,7,0.52,0.841,0.738,0.0,0.0892,-7.455,0,0.307,0.484,169.918
6KHxe3Yj8W8oq3zviUvJRe,172727,1,0.0272,0.73,0.87,2.9e-06,0.45,-3.718,0,0.0561,0.184,132.011
2HafqoJbgXdtjwCOvNEF14,184061,5,0.827,0.537,0.421,0.0,0.138,-8.72,1,0.0285,0.524,98.224
4LcRO9JPtGavb3dbg7HIMQ,248005,8,0.218,0.885,0.715,0.0,0.0958,-8.31,1,0.14,0.953,100.036
4sDpxaulErbJ9NBaJDC7cJ,192955,8,0.247,0.625,0.755,0.0,0.124,-4.643,1,0.0724,0.429,87.948
0EhuGnOS6fTc5l5UNtDEH2,288000,8,0.153,0.623,0.799,0.0,0.365,-4.152,0,0.0713,0.552,169.901
7ABLbnD53cQK00mhcaOUVG,197920,1,0.0739,0.708,0.737,0.00162,0.0955,-4.045,1,0.0436,0.607,91.986
21N77gfWYoQDvrLvaeiQgi,222462,1,0.164,0.773,0.893,3.01e-06,0.429,-3.733,0,0.0483,0.842,130.013
4snJ71Uz5KvX1CW0SaUiZY,191414,0,0.739,0.703,0.722,1.51e-06,0.127,-3.93,0,0.0379,0.616,134.92
3tt9i3Hhzq84dPS8H7iSiJ,162638,7,0.583,0.835,0.679,1.98e-06,0.218,-5.329,0,0.0364,0.85,124.98
1f3oAGS76ZIzOrsxcD2P36,131020,5,0.481,0.769,0.295,0.00026,0.0993,-10.467,1,0.0721,0.784,98.082
6irysuQyZWd7Bjj7ePiOs2,231693,1,0.277,0.831,0.759,0.0,0.125,-3.627,0,0.0502,0.244,107.961
3tPPP39TSamzLPOJomKALp,198353,10,0.181,0.679,0.556,0.0,0.108,-5.299,1,0.148,0.583,169.997
5nSUskJwcSRFS9dIqrVfrv,162245,1,0.481,0.557,0.744,0.0,0.666,-4.18,1,0.344,0.7,100.247
1MB8kTH7VKvAMfL9SHgJmG,215600,11,0.0351,0.817,0.851,0.0,0.232,-3.309,0,0.0627,0.886,127.019
1bmIRafMOhUKsnZE7haw2u,159253,2,0.145,0.621,0.859,1.3e-06,0.375,-3.228,1,0.0559,0.445,92.929
0Me3GyNuLOa1YTIxhJPyCn,172096,3,0.688,0.823,0.882,1.7e-06,0.107,-3.513,0,0.0556,0.963,128.044
4PA1wK0leCjmRZlP5dQ8Lv,191321,10,0.0687,0.715,0.642,0.0,0.0997,-7.492,0,0.0515,0.169,105.964
7chTH3GBjjAyagf0SPCZDL,152500,8,0.0139,0.726,0.831,3.71e-06,0.0891,-2.035,0,0.12,0.489,95.997
1YnChEM51BVZ5dRhbVFEMl,190476,6,0.268,0.706,0.566,1.02e-06,0.111,-6.441,0,0.126,0.23,125.876
51QmqegeWI2orK2mzDfnIH,129846,1,0.0406,0.884,0.718,4.69e-05,0.287,-4.976,0,0.0763,0.729,139.991
144k7KOL7ZPopw7rTTzzXN,209655,9,0.254,0.53,0.617,0.0,0.268,-6.25,0,0.141,0.442,174.102
0sfk352FO8bJUjWjIsyzSR,144427,8,0.555,0.722,0.519,0.0,0.118,-10.142,1,0.297,0.779,170.058
1Hs1uUl8o2VtDp1DABFq0O,338000,0,0.107,0.813,0.682,0.0,0.108,-3.598,1,0.0402,0.634,120.011
1iLbUmb2b2btyAAcQ68a1p,192288,4,0.527,0.795,0.553,2.84e-06,0.112,-8.496,0,0.244,0.739,124.109
3j1453KrdHjw7y4gnBj7nF,187881,9,0.115,0.639,0.767,0.0,0.0689,-5.988,0,0.215,0.469,118.055
654Jxp6rUFgPckixlIusRJ,178468,9,0.624,0.746,0.742,0.000848,0.151,-6.837,0,0.0473,0.77,123.052
2O7jON0xYyTaSkWj9wZXCJ,215714,3,0.036,0.73,0.803,0.0,0.14,-3.056,0,0.04,0.406,126.049
5mQTzYTDDob48mOP3U9k7Q,215609,3,0.326,0.583,0.628,0.0,0.199,-5.143,1,0.0346,0.355,122.002
49R1F3rIdSzuPk7AcHi6d1,189125,2,0.131,0.68,0.871,4.85e-05,0.056,-3.349,0,0.0851,0.677,112.094
2cpZJsQFxwHvBF0KB5dCaB,211784,8,0.714,0.554,0.531,0.0,0.0932,-6.987,1,0.0268,0.356,74.967
60NDVF7fFIq13aO9rIN80c,217031,3,0.0451,0.753,0.859,0.0,0.119,-3.071,0,0.0796,0.921,128.0
4cWrKV5SN7AknqPy4ryBDG,210542,9,0.013,0.728,0.889,1.11e-05,0.363,-3.518,0,0.047,0.624,119.952
1MwyUklCSLF8heoph2ttFe,168167,0,0.00344,0.703,0.894,0.0,0.335,-3.846,1,0.0816,0.665,119.999
6m4z69VDQ7zB2JQzTeWNom,197143,10,0.467,0.38,0.564,4.25e-05,0.542,-7.373,1,0.0606,0.399,139.79
02fHDy3xEetr1EX6qw3Cas,156923,2,0.158,0.605,0.796,0.0,0.132,-5.128,1,0.0633,0.526,116.977
1F2rElyIiwgnq3TM2LN3ag,180923,0,0.0679,0.63,0.863,0.0,0.13,-4.407,0,0.323,0.553,130.244
5rmWxr4qgejVuLWwxNzISC,214557,7,0.274,0.473,0.807,0.0,0.35,-5.506,1,0.201,0.582,157.954
3ZcpVnBJguv1WVeMG44i2M,189495,8,0.0529,0.488,0.774,0.0,0.198,-6.099,1,0.0408,0.614,154.954
2PO4ThUKzIa4rBLsFkyInU,225561,5,0.535,0.774,0.681,0.0,0.0997,-4.452,1,0.0433,0.432,126.025
37WCMrX9XnmmPCMY0aqZjo,232310,8,0.249,0.605,0.546,0.0,0.0899,-5.52,1,0.0369,0.224,130.065
6mhZd9yNJpyT2Qynx9FuhI,189194,9,0.163,0.495,0.777,0.0,0.0542,-5.384,1,0.063,0.658,124.038
3To8zpX92dTdhtORefjgyV,192120,4,0.147,0.61,0.861,0.0,0.0995,-3.36,0,0.0561,0.263,124.938
40RfNjN5fm9DhlLAYkF6RL,186388,6,0.0194,0.435,0.572,0.0,0.115,-6.98,0,0.0371,0.322,148.495
6RgeK0h4fZ7JRSqbVwPG3Q,232800,4,0.0554,0.516,0.686,0.0,0.118,-4.997,1,0.05,0.259,124.661
2c0lqanQ7Yz8f7VaAfgqqt,191630,0,0.412,0.427,0.527,0.0,0.21,-6.475,0,0.0541,0.217,155.052
7He9P5gjaE4cmQOquezZnl,205312,4,0.238,0.69,0.858,0.0,0.215,-4.786,1,0.0436,0.598,128.012
2JUU42QK11jwb6C99VnRl4,172727,6,0.0987,0.723,0.699,0.0,0.0999,-5.939,0,0.0623,0.486,131.946
7eJmxii4Ez8scjzDF0V9v6,198421,3,0.225,0.492,0.56,2.17e-06,0.113,-6.178,1,0.0308,0.249,143.725
6QnX3AZkvOzwQt0fdS6cZT,172050,2,0.00645,0.521,0.811,0.0,0.351,-4.609,1,0.192,0.246,99.903
0CjNKLqvr5tDvepagOIKlu,189407,11,0.0328,0.672,0.853,0.0,0.0924,-4.808,0,0.125,0.523,127.011
5FV2fsK9sFL4D5uwX8zAgk,177947,10,0.0824,0.681,0.844,0.0,0.143,-3.303,0,0.0747,0.707,94.982
1bZIs6zAOtFJLORZVojCUH,190800,4,0.0771,0.758,0.84,0.0,0.0903,-3.132,0,0.11,0.691,124.978
2EIYXCGhXGo0yXf6vazlJR,173974,1,0.044,0.53,0.747,0.0,0.0763,-3.861,0,0.0426,0.43,136.316
7LGXYz8Msr0ra2XggR8F3b,177692,10,0.0706,0.496,0.684,0.0,0.204,-5.33,1,0.04,0.315,129.948
6bN41HjY008ggroMFxNLaa,205525,3,0.362,0.519,0.526,0.0,0.0965,-8.203,0,0.455,0.543,172.441
2CHUSuvnHXjLTGdX6Bz6fv,113738,2,0.0366,0.949,0.751,9.32e-05,0.065,-3.541,1,0.166,0.691,129.994
5x9LonDyHxGUO2VzfHJHLE,172615,8,0.13,0.756,0.631,0.0,0.0649,-5.297,0,0.0502,0.896,130.052
20bTkdvyWZjO4ORHmzXQR4,190189,1,0.499,0.748,0.516,0.0,0.127,-6.77,0,0.1,0.465,78.038
2QieMRkH51KbJw4ZauGJfY,204507,2,0.346,0.602,0.672,9.94e-06,0.199,-6.23,1,0.0379,0.416,141.933
1M7CwtrWZ24mopNdDPB3DM,144865,10,0.0388,0.708,0.518,0.0,0.182,-7.071,0,0.129,0.58,110.973
2gGq8fqoGuKpCjuV7p2dd3,172320,11,0.158,0.695,0.689,2.17e-05,0.0963,-4.941,0,0.0443,0.366,136.962
05wb6MEyJeG2z1MVCIXxC8,206897,7,0.521,0.743,0.548,0.0,0.0971,-7.34,0,0.071,0.381,115.969
5WssaPhjCCUFBMk9PpnHYj,217500,0,0.147,0.73,0.663,0.0,0.177,-6.021,0,0.0561,0.389,139.918
5B5p5w9QV0QFBsnASmtL24,162685,2,0.0181,0.452,0.579,0.0,0.192,-5.658,1,0.0755,0.297,133.899
34YxYcGtsAzI1K0SNAWMn1,207400,2,0.201,0.774,0.572,3.78e-06,0.127,-7.104,1,0.0586,0.217,104.021
6SSv0mVOX54GMKtIOrKpI1,160258,1,0.0897,0.717,0.811,0.0,0.0617,-4.29,0,0.0668,0.599,95.95
7Da5kjy5GByLHE5OPQ4tpg,167339,6,0.141,0.735,0.798,0.0,0.0991,-7.157,0,0.122,0.51,109.044
4Y60H8heDsEpQ2hin2g6V5,151160,5,0.0345,0.595,0.832,0.0,0.149,-5.331,0,0.0425,0.243,90.475
0ksqA7waEGNDkGkmRz0Gwj,185041,6,0.322,0.781,0.886,0.0,0.248,-4.195,1,0.2,0.831,157.077
5omIW7YOPhA6CULhkdz6jE,162467,10,0.326,0.743,0.693,0.0,0.205,-7.624,0,0.114,0.567,104.522
2orGI5VXRF4uplYVuvdRyU,226733,1,0.592,0.655,0.794,0.0,0.625,-5.325,1,0.357,0.542,173.94
242NmD3BqOefyiOZQy2MT2,198261,8,0.217,0.718,0.792,4.84e-05,0.244,-6.047,0,0.0644,0.531,91.988
7yS8LfvvFEhtGhKLk29j5a,214291,8,0.157,0.764,0.593,1.94e-06,0.144,-7.853,1,0.029,0.668,122.959
6GMyR5UghG6k4MpsXsaim8,155526,7,0.147,0.801,0.874,0.0,0.138,-3.71,0,0.188,0.201,95.011
5Pzh42xn3oAXHh4U7tVHMr,172610,1,0.585,0.545,0.524,0.0,0.0744,-10.072,1,0.0322,0.276,145.876
1eldTykrnkEBLX41bk5eMw,217260,1,0.103,0.794,0.578,1.24e-05,0.363,-5.932,0,0.25,0.967,126.032
2QcTf5lLMrrWTiElDInpTb,238345,1,0.267,0.434,0.618,0.00061,0.102,-7.1,0,0.224,0.534,104.333
2HafqoJbgXdtjwCOvNEF14,184061,5,0.827,0.537,0.421,0.0,0.138,-8.72,1,0.0285,0.524,98.224
2ZEzQtuXsSbFJrR9xhhiei,153653,6,0.125,0.934,0.815,1.95e-05,0.296,-4.37,1,0.157,0.886,127.974
2PWJx5FwMrMVEaTjwYait1,176120,6,0.39,0.762,0.564,0.0,0.0654,-6.934,0,0.088,0.744,141.938
7GLtEcaxxQpdK63YsiG51g,198773,0,0.139,0.791,0.558,0.0,0.0784,-9.328,1,0.21,0.805,145.889
17phhZDn6oGtzMe56NuWvj,210689,9,0.199,0.561,0.604,1.9e-05,0.104,-4.409,1,0.0337,0.242,159.92
2cqtTAnI9E7buORFB9q4ts,138933,11,0.0248,0.814,0.668,0.0,0.152,-6.474,1,0.299,0.716,135.979
3rIX5DA9rUk89KUOZdGFaN,169000,1,0.374,0.663,0.792,0.0,0.192,-4.483,0,0.147,0.684,151.975
2ImdwbujxKFxN1UxEvf2dD,168620,10,0.456,0.765,0.717,1.01e-05,0.126,-7.877,0,0.349,0.695,120.025
3rUGC1vUpkDG9CZFHMur1t,131872,6,0.256,0.75,0.733,0.0,0.114,-3.18,0,0.0319,0.844,111.018
30D9x5LFgL2o9xidjX2wtE,189091,7,0.677,0.801,0.832,2.86e-05,0.117,-4.579,0,0.208,0.758,132.044
0SkiGBVxYb9mXgRHA1en1S,169128,4,0.123,0.801,0.726,0.000201,0.123,-6.036,0,0.208,0.585,79.994
2HimJmsy7QZOauXXvlCd2m,225733,11,0.0961,0.926,0.537,0.00101,0.0885,-8.247,0,0.342,0.693,111.029
4OMJGnvZfDvsePyCwRGO7X,185918,9,0.0036,0.744,0.789,0.00144,0.0947,-4.876,0,0.059,0.866,116.985
6yqwxY8qifBBhyryjZutxk,233240,5,0.139,0.702,0.693,0.0,0.0702,-4.941,0,0.191,0.572,87.973
3rkyVQEgaDR5nZvW10QOrQ,212093,11,0.354,0.696,0.607,0.0,0.159,-6.72,0,0.152,0.392,91.452
5RJcEoBhxDo8QgmKfr3JG8,216387,10,0.203,0.605,0.668,0.0,0.165,-7.03,0,0.0817,0.567,147.078
24JrEVHDfohup0ypuOV7os,162840,5,0.463,0.801,0.604,0.00378,0.111,-6.525,0,0.21,0.534,125.024
4MsOD2fBtHHIyyKY4acddP,172137,1,0.21,0.788,0.718,0.0,0.0732,-6.281,1,0.208,0.406,137.965
26Anqi86HCCG57L5CE0gTr,183107,11,0.0186,0.781,0.73,0.0,0.133,-6.663,0,0.144,0.581,133.021
3bK1zVFBKIzYjmptmI4NsJ,155905,6,0.00257,0.611,0.757,0.0,0.058,-3.546,1,0.03,0.279,126.963
4MpqiN2moRQR2t0DO43MZH,238653,3,0.881,0.355,0.29,0.00374,0.106,-8.182,1,0.0338,0.0859,168.345
0jlEtXM0sxuoSmO0adcZ3J,157053,5,0.0194,0.713,0.593,1.56e-06,0.0774,-8.198,0,0.0886,0.45,175.914
4CkbzYcdIRJhrA9tzwFj0B,176125,9,0.409,0.678,0.668,0.0,0.221,-7.538,1,0.0476,0.608,119.93
2BvjmY4Mp5q1AHL0laetd6,189840,7,0.353,0.775,0.808,4.17e-05,0.207,-4.568,0,0.0353,0.638,125.013
4DgjfqlglUMebNAekQ0uQT,166143,4,0.22,0.656,0.525,1.62e-06,0.0972,-8.695,1,0.373,0.123,122.949
3h5TiWTqGxjSjFrbruPFH9,263040,6,0.128,0.66,0.727,1.31e-05,0.524,-4.028,0,0.0441,0.418,125.023
5mjYQaktjmjcMKcUIcqz4s,172965,11,0.701,0.628,0.523,0.00274,0.219,-8.307,0,0.0946,0.416,169.982
441auDLfimQNr0e1yz0KDU,147373,1,0.537,0.705,0.458,0.000127,0.298,-11.588,0,0.246,0.459,89.68
3KZN01EuBoqh04jyGXpnxr,161978,2,0.44,0.828,0.706,0.000255,0.161,-6.493,0,0.278,0.585,92.983
5o4XJKRxUK6nXhFLAIS33A,214067,1,0.00335,0.284,0.755,0.00195,0.103,-3.145,0,0.05,0.199,93.384
0EzNyXyU7gHzj2TN8qYThj,176747,4,0.441,0.718,0.643,0.0,0.113,-7.473,0,0.16,0.645,131.825
4tKGFmENO69tZR9ahgZu48,230013,1,0.00234,0.73,0.849,2.6e-05,0.312,-5.281,0,0.0299,0.887,117.31
3bdJXs70t2ybhfrDH6zyv4,188485,10,0.219,0.798,0.681,0.00197,0.137,-4.818,0,0.0722,0.434,101.005
6XzU4QX098kuPPe3OkMk8W,165728,0,0.342,0.581,0.495,5.1e-06,0.428,-7.204,1,0.296,0.585,126.699
2RqZ8JUBXP4C0nzttGnTL1,186072,7,0.333,0.773,0.693,0.0,0.111,-6.929,0,0.0544,0.414,105.025
6tNQ70jh4OwmPGpYy6R2o9,180304,10,0.151,0.472,0.471,0.0,0.14,-5.692,1,0.0603,0.219,105.029
7AUMxm5ArZPHojwDbdi8Vi,229093,6,0.575,0.735,0.678,3.97e-05,0.0936,-5.395,1,0.0959,0.708,145.9
69Up5djN1jUKRVb2O8GwgU,193880,11,0.347,0.641,0.748,6.68e-06,0.0859,-5.552,0,0.173,0.614,167.974
1CcLA0eaauck34YEIrvAAq,147433,0,0.0526,0.657,0.914,6.32e-06,0.109,-4.513,0,0.0523,0.502,139.989
3oUEzTAoOxqZHN4xiqTGqJ,182440,10,0.333,0.504,0.527,0.0,0.0976,-7.765,1,0.0976,0.234,117.866
1BxfuPKGuaTgP7aM0Bbdwr,178427,9,0.117,0.552,0.702,2.06e-05,0.105,-5.707,1,0.157,0.564,169.994
3YRe2NXbJ5aalCE0YH6YBo,174589,11,0.133,0.804,0.876,0.0,0.142,-4.386,0,0.277,0.808,113.956
38KQ5zKDeF3kUH18ZjzBbZ,173428,4,0.873,0.819,0.675,0.00013,0.14,-7.198,0,0.137,0.542,104.095
2bOILaj684WoqEbpWTswdL,180933,5,0.369,0.549,0.473,0.0,0.104,-10.635,0,0.141,0.595,130.19
65w1B0wLPnEICOfSl7C4Op,168867,0,0.0529,0.827,0.621,0.0,0.0696,-6.492,1,0.506,0.666,117.366
31nfdEooLEq7dn3UMcIeB5,178156,2,0.0908,0.634,0.824,0.0711,0.119,-3.394,0,0.047,0.371,137.959
7gaA3wERFkFkgivjwbSvkG,214994,1,0.198,0.788,0.758,8.5e-05,0.104,-6.513,1,0.0505,0.823,119.008
0mflMxspEfB0VbI1kyLiAv,182347,9,0.782,0.662,0.488,0.0,0.102,-6.894,1,0.0682,0.817,117.913
4tKGFmENO69tZR9ahgZu48,230013,1,0.00234,0.73,0.849,2.6e-05,0.312,-5.281,0,0.0299,0.887,117.31
17phhZDn6oGtzMe56NuWvj,210689,9,0.199,0.561,0.604,1.9e-05,0.104,-4.409,1,0.0337,0.242,159.92
4xhsWYTOGcal8zt0J161CU,138411,2,0.0026,0.943,0.558,2.19e-06,0.0937,-4.911,1,0.0568,0.606,104.983
6tNQ70jh4OwmPGpYy6R2o9,180304,10,0.151,0.472,0.471,0.0,0.14,-5.692,1,0.0603,0.219,105.029
3h5TiWTqGxjSjFrbruPFH9,263040,6,0.128,0.66,0.727,1.31e-05,0.524,-4.028,0,0.0441,0.418,125.023
3rUGC1vUpkDG9CZFHMur1t,131872,6,0.256,0.75,0.733,0.0,0.114,-3.18,0,0.0319,0.844,111.018
59NraMJsLaMCVtwXTSia8i,132359,8,0.001,0.638,0.717,1.79e-06,0.113,-5.804,1,0.0375,0.422,141.904
3U5JVgI2x4rDyHGObzJfNf,259333,5,0.00584,0.706,0.8,0.0,0.0822,-6.333,1,0.0399,0.629,100.011
7gaA3wERFkFkgivjwbSvkG,214994,1,0.198,0.788,0.758,8.5e-05,0.104,-6.513,1,0.0505,0.823,119.008
1BxfuPKGuaTgP7aM0Bbdwr,178427,9,0.117,0.552,0.702,2.06e-05,0.105,-5.707,1,0.157,0.564,169.994
5mjYQaktjmjcMKcUIcqz4s,172965,11,0.701,0.628,0.523,0.00274,0.219,-8.307,0,0.0946,0.416,169.982
6WzRpISELf3YglGAh7TXcG,215467,1,0.0569,0.855,0.678,3.69e-05,0.412,-6.276,1,0.189,0.852,99.029
52eIcoLUM25zbQupAZYoFh,270698,2,0.00529,0.624,0.74,0.000224,0.5,-8.445,1,0.0481,0.246,172.089
6uTPdRrEDeH8Fyg5L5qmeU,125902,1,0.0504,0.781,0.567,0.0,0.0981,-7.857,1,0.0969,0.0743,121.964
4OMJGnvZfDvsePyCwRGO7X,185918,9,0.0036,0.744,0.789,0.00144,0.0947,-4.876,0,0.059,0.866,116.985
2l7UudWZ44l1WbHx6ANod9,194417,6,0.0285,0.465,0.63,5.3e-06,0.339,-6.442,1,0.0398,0.389,169.833
1kuGVB7EU95pJObxwvfwKS,219724,5,0.177,0.511,0.532,0.0,0.291,-5.745,1,0.0578,0.35,138.005
3vkCueOmm7xQDoJ17W1Pm3,137773,9,0.868,0.504,0.308,0.135,0.158,-14.958,1,0.0321,0.121,113.95
1yeB8MUNeLo9Ek1UEpsyz6,319192,2,0.0377,0.645,0.729,0.0,0.384,-4.56,1,0.0528,0.142,146.01
5crY7axm3GejOxy5PsnnPk,182624,2,0.0359,0.588,0.784,0.000168,0.109,-5.099,1,0.0371,0.613,101.137
5aIVCx5tnk0ntmdiinnYvw,200256,3,0.0856,0.673,0.722,0.0,0.137,-3.495,0,0.0755,0.519,117.187
3JvrhDOgAt6p7K8mDyZwRd,204280,1,0.431,0.484,0.731,0.0,0.151,-6.694,1,0.0379,0.51,101.654
7CyPwkp0oE8Ro9Dd5CUDjW,244685,8,0.0545,0.522,0.641,0.0,0.162,-6.287,1,0.0318,0.202,87.51
2FDTHlrBguDzQkp7PVj16Q,226383,1,0.186,0.916,0.583,0.0,0.0798,-8.067,1,0.241,0.661,141.095
003vvx7Niy0yvhvHt4a68B,222973,1,0.00121,0.352,0.911,0.0,0.0995,-5.23,1,0.0747,0.236,148.033
6wf7Yu7cxBSPrRlWeSeK0Q,222370,0,0.959,0.444,0.0911,1.05e-06,0.098,-17.665,1,0.0307,0.142,78.403
4KULAymBBJcPRpk1yO4dOG,227196,0,0.554,0.429,0.453,2e-06,0.102,-7.746,1,0.0459,0.155,77.639
7iUScoHKNJC5hqtA40vMlj,222784,0,0.00499,0.68,0.881,0.0253,0.574,-4.503,1,0.0553,0.105,174.062
3hRV0jL3vUpRrcy398teAU,208212,2,0.969,0.544,0.369,0.279,0.639,-9.514,1,0.038,0.102,87.01
3Pbp7cUCx4d3OAkZSCoNvn,159636,7,0.384,0.527,0.551,2.75e-06,0.403,-11.258,1,0.0345,0.443,148.035
4E63weMCaNZuGPEFMnuEi8,159401,5,0.173,0.821,0.575,0.000242,0.114,-6.57,0,0.0589,0.611,136.962
7DSAEUvxU8FajXtRloy8M0,200600,0,0.0584,0.706,0.691,6.99e-05,0.0232,-4.775,1,0.0633,0.632,118.048
56y1jOTK0XSvJzVv9vHQBK,230480,2,0.255,0.864,0.556,3.85e-06,0.112,-7.683,0,0.194,0.726,99.974
6me7F0aaZjwDo6RJ5MrfBD,87000,3,0.557,0.555,0.216,0.00416,0.109,-11.661,1,0.0721,0.504,79.109
1vYXt7VSjH9JIM5oRRo7vA,176579,11,0.0207,0.671,0.845,0.0,0.329,-4.93,0,0.048,0.775,110.056
6Qyc6fS4DsZjB2mRW9DsQs,289533,11,0.00125,0.315,0.715,7.97e-06,0.0942,-8.072,0,0.0362,0.497,155.925
3DK6m7It6Pw857FcQftMds,547733,1,0.219,0.374,0.568,0.00219,0.513,-3.825,0,0.109,0.111,84.733
2Zo1PcszsT9WQ0ANntJbID,185553,6,0.0893,0.787,0.686,0.0,0.0927,-4.37,0,0.0339,0.836,123.51
5Jpz4nv8nA6FIYO5gEyQa2,184852,0,0.191,0.545,0.793,0.00281,0.335,-3.615,0,0.0371,0.411,87.024
2ZWmmrWUgDBcPSLihBMvhg,177292,1,0.228,0.62,0.935,0.00443,0.0601,-0.504,1,0.252,0.559,87.532
0V3wPSX9ygBnCm8psDIegu,200690,4,0.13,0.637,0.643,1.8e-06,0.142,-6.571,1,0.0519,0.533,97.008
2M9ro2krNb7nr7HSprkEgo,296800,4,0.313,0.711,0.292,0.0,0.131,-15.523,0,0.037,0.194,103.951
7qEHsqek33rTcFNT9PFqLf,182161,1,0.751,0.501,0.405,0.0,0.105,-5.679,1,0.0319,0.446,109.891
3xKsf9qdS1CyvXSMEid6g8,184516,9,0.667,0.545,0.545,5.48e-05,0.417,-7.362,1,0.107,0.549,159.94
6dpLxbF7lfCAnC9QRTjNLK,157486,6,0.0289,0.583,0.676,0.0634,0.121,-4.44,1,0.0298,0.134,77.002
6ibDVMcMUNqZ5eXT9sD4Vy,164920,9,0.0112,0.731,0.867,0.0291,0.0863,-6.169,0,0.0576,0.23,142.048
1Iq8oo9XkmmvCQiGOfORiz,229478,0,0.0504,0.596,0.658,0.0,0.127,-7.346,1,0.036,0.176,100.012
1odExI7RdWc4BT515LTAwj,212954,2,0.83,0.508,0.43,0.000441,0.093,-9.475,0,0.0335,0.324,130.09
1zi7xx7UVEFkmKfv06H8x0,173987,1,0.00776,0.792,0.625,0.0018,0.329,-5.609,1,0.0536,0.37,103.967
7AAcQMV6Uw3YXt9TTx4b6r,208773,4,0.00658,0.65,0.821,0.0,0.284,-5.171,0,0.0285,0.673,139.96
3U5JVgI2x4rDyHGObzJfNf,259333,5,0.00584,0.706,0.8,0.0,0.0822,-6.333,1,0.0399,0.629,100.011
6tNQ70jh4OwmPGpYy6R2o9,180304,10,0.151,0.472,0.471,0.0,0.14,-5.692,1,0.0603,0.219,105.029
31nfdEooLEq7dn3UMcIeB5,178156,2,0.0908,0.634,0.824,0.0711,0.119,-3.394,0,0.047,0.371,137.959
7mJMGgkyR0XSyd44svaD4P,222107,9,0.0506,0.585,0.496,0.0,0.0829,-7.146,1,0.032,0.311,80.997
0iB5f04XdJ2tcfhoVkeLV8,121500,10,0.00258,0.67,0.957,0.211,0.185,-5.43,1,0.0435,0.431,159.985
3rUGC1vUpkDG9CZFHMur1t,131872,6,0.256,0.75,0.733,0.0,0.114,-3.18,0,0.0319,0.844,111.018
4xhsWYTOGcal8zt0J161CU,138411,2,0.0026,0.943,0.558,2.19e-06,0.0937,-4.911,1,0.0568,0.606,104.983
4rZCs12mDDseNSfpOIu5rc,236893,6,0.00139,0.534,0.881,0.0,0.183,-4.196,0,0.0702,0.36,132.005
30vg2QguPyaa7PcAJTn9YE,122091,8,0.146,0.502,0.667,0.0,0.177,-6.161,1,0.35,0.693,170.58
59NraMJsLaMCVtwXTSia8i,132359,8,0.001,0.638,0.717,1.79e-06,0.113,-5.804,1,0.0375,0.422,141.904
3pn5z4CvMz95uEysWBUYCc,120000,0,0.264,0.664,0.589,0.0,0.619,-8.177,1,0.0394,0.646,140.016
385lgFqvuFryjdlYzTF4fP,215769,10,0.113,0.696,0.696,0.0,0.707,-4.71,0,0.275,0.728,207.99
48dosoGX5Bey5mk6BhCgKM,234787,2,0.0048,0.637,0.873,0.0,0.0711,-4.225,1,0.0345,0.7,128.003
5WsBHZRPeXLmZTaIOZbB1e,241800,8,0.0128,0.586,0.992,0.0,0.383,-3.507,1,0.134,0.375,138.059
6te4u5fA8mtW1DYoB9YV4t,262240,5,0.00162,0.56,0.937,2.83e-06,0.213,-3.294,0,0.0876,0.859,147.985
09CnYHiZ5jGT1wr1TXJ9Zt,140000,11,0.0229,0.673,0.95,0.0823,0.398,-5.149,1,0.0488,0.563,150.019
3bK1zVFBKIzYjmptmI4NsJ,155905,6,0.00257,0.611,0.757,0.0,0.058,-3.546,1,0.03,0.279,126.963
0Q1PL9xAcw9clycu7f8YGw,191333,7,0.0395,0.749,0.708,0.0,0.338,-4.988,1,0.0367,0.915,141.947
5mjYQaktjmjcMKcUIcqz4s,172965,11,0.701,0.628,0.523,0.00274,0.219,-8.307,0,0.0946,0.416,169.982
1ct7Hx3FQMfym8cHIk4hrd,122241,10,0.408,0.684,0.526,0.000124,0.221,-10.164,1,0.185,0.833,173.881
17phhZDn6oGtzMe56NuWvj,210689,9,0.199,0.561,0.604,1.9e-05,0.104,-4.409,1,0.0337,0.242,159.92
7AOJcugo17Kr1WUheSI6Oq,157059,0,0.108,0.837,0.944,8.46e-05,0.107,-6.516,1,0.352,0.681,169.975
6YqYOnjh0vkMp5cfzKHmbM,275773,6,0.0141,0.608,0.891,0.0,0.129,-3.741,1,0.0354,0.834,119.996
5Tpojb1ynbO0MgfAwgDza5,170551,11,0.123,0.786,0.66,0.00425,0.141,-6.746,0,0.127,0.65,136.072
6O0OwJjXAnmrevV7Sadhvx,223213,9,0.22,0.813,0.809,0.0,0.0545,-4.568,0,0.0556,0.867,125.013
2FiJGvN3fiXMwms9IftNV0,188520,8,0.267,0.692,0.732,0.0,0.253,-6.017,1,0.145,0.628,154.881
5Cb7uEN2BM9t0Y5FjEq9ga,124877,2,0.197,0.778,0.805,4.63e-06,0.0828,-5.69,1,0.0725,0.653,102.049
5qEyqquRgKxpv0VKvcNXbC,206027,7,0.0607,0.584,0.687,0.0,0.35,-5.559,1,0.0589,0.749,157.618
4tKGFmENO69tZR9ahgZu48,230013,1,0.00234,0.73,0.849,2.6e-05,0.312,-5.281,0,0.0299,0.887,117.31
3Wj44AtK8gStaPWY1qJb0A,179960,9,0.0227,0.813,0.834,0.0,0.118,-5.036,0,0.0332,0.929,136.06
0h3Xy4V4apMraB5NuM8U7Z,213364,2,0.0638,0.875,0.518,0.00995,0.125,-8.388,1,0.0551,0.37,126.089
0xuaMTaQFsfaLPuMoYUQoP,176698,10,0.214,0.726,0.616,3.43e-06,0.12,-7.186,0,0.169,0.245,98.525
2kY8nciDE4zEn6y2BCd7Fk,249267,2,0.128,0.641,0.837,1.13e-05,0.135,-4.869,1,0.0648,0.37,132.068
3an1JVi8OsE0aG6dMS4Pes,136360,9,0.12,0.914,0.489,0.0,0.0852,-7.722,1,0.0858,0.559,108.072
086THPnabbu1zfDjRsxpoN,116465,2,0.0324,0.777,0.816,7.94e-05,0.138,-7.01,0,0.189,0.516,150.09
6WzRpISELf3YglGAh7TXcG,215467,1,0.0569,0.855,0.678,3.69e-05,0.412,-6.276,1,0.189,0.852,99.029
3ilgxZl5g7MOQCUiky3VOG,147587,1,0.163,0.774,0.7,3.24e-05,0.169,-7.334,1,0.266,0.624,81.99
4RzIPi5kcw5gYAd07I8NDz,181017,11,0.211,0.784,0.52,2.61e-05,0.106,-9.535,0,0.0686,0.138,118.015
1KdLOxVGvRI5hChujmt1qr,147973,1,0.00748,0.871,0.459,0.00309,0.0806,-7.408,1,0.405,0.268,142.984
7oQepKHmXDaPC3rgeLRvQu,167357,7,0.285,0.55,0.5,0.0,0.116,-5.779,0,0.045,0.351,115.016
52eIcoLUM25zbQupAZYoFh,270698,2,0.00529,0.624,0.74,0.000224,0.5,-8.445,1,0.0481,0.246,172.089
4mVnqNiw2Kf5AHj9j0KD6u,136988,9,0.179,0.796,0.865,0.0114,0.0852,-6.76,0,0.0801,0.768,130.012
1VgoFzUT9iofLfn3rHOI3z,148434,11,0.342,0.573,0.563,0.0,0.123,-8.061,0,0.12,0.575,133.716
5YWu6dt50Nieq8qi572RF8,131524,4,0.364,0.767,0.539,0.0397,0.0772,-8.518,0,0.0629,0.368,128.055
4tNwc7jQ5eqWFGDlX8YBtT,191293,7,0.063,0.567,0.843,0.0,0.241,-4.567,1,0.0363,0.764,128.081
7CyPwkp0oE8Ro9Dd5CUDjW,244685,8,0.0545,0.522,0.641,0.0,0.162,-6.287,1,0.0318,0.202,87.51
4Dm2RKlcMNuX4mCpW9qC5F,181053,7,0.297,0.708,0.804,9.11e-05,0.111,-6.763,1,0.142,0.827,170.944
3XqM8hLCEYlbnFjoWwqtFv,306847,4,0.192,0.406,0.5,0.0,0.175,-8.452,0,0.0501,0.0905,157.984
7gaA3wERFkFkgivjwbSvkG,214994,1,0.198,0.788,0.758,8.5e-05,0.104,-6.513,1,0.0505,0.823,119.008
6Kijtp0DB6VwcoJIw7PJ9W,351201,6,0.179,0.806,0.767,0.00126,0.182,-9.686,0,0.112,0.795,113.001
5CD3ImPPdCW8QFQkjo5TXt,373822,2,0.023,0.895,0.438,0.000359,0.0425,-13.307,0,0.083,0.508,113.047
4tsVMjM60RNTe9EV5oQ4sQ,427218,6,0.0224,0.603,0.501,0.155,0.0154,-14.253,0,0.0617,0.355,113.006
3pImmSzeKex5ffzsDoaL3z,414967,4,0.575,0.748,0.56,0.00117,0.141,-13.918,0,0.0563,0.492,112.0
0UBK6HcgmmWUQzFQTncmDz,328821,9,0.0102,0.867,0.45,0.00124,0.0228,-8.306,1,0.0467,0.589,113.015
6tNQ70jh4OwmPGpYy6R2o9,180304,10,0.151,0.472,0.471,0.0,0.14,-5.692,1,0.0603,0.219,105.029
2pqIaYg12ziqIpVtdVESGt,509790,6,0.00775,0.794,0.436,0.699,0.654,-18.272,0,0.0633,0.353,112.997
0WIv5qV41y6YjjB9V1biuC,188000,7,0.137,0.785,0.47,1.12e-06,0.131,-6.42,0,0.0329,0.0569,120.006
7JbLSEDlRdoJaXk5ddZae2,257959,1,0.0296,0.619,0.903,0.00199,0.19,-4.659,1,0.0693,0.964,154.639
5yyYL1FpimADTIftYQU0cg,410847,5,0.0709,0.697,0.643,0.584,0.101,-10.253,0,0.0384,0.748,118.004
5aIVCx5tnk0ntmdiinnYvw,200256,3,0.0856,0.673,0.722,0.0,0.137,-3.495,0,0.0755,0.519,117.187
5TY9ovYtBeJTY9s7K3ijEd,279824,0,0.575,0.645,0.792,0.0,0.0899,-7.466,1,0.0541,0.679,158.53
4xhsWYTOGcal8zt0J161CU,138411,2,0.0026,0.943,0.558,2.19e-06,0.0937,-4.911,1,0.0568,0.606,104.983
1eOOCRtXcPwK8qG8VjtczJ,306909,8,0.00824,0.765,0.453,0.0651,0.0641,-9.63,1,0.059,0.622,112.015
52eIcoLUM25zbQupAZYoFh,270698,2,0.00529,0.624,0.74,0.000224,0.5,-8.445,1,0.0481,0.246,172.089
4iZ4pt7kvcaH6Yo8UoZ4s2,201800,5,0.141,0.559,0.551,0.0,0.11,-7.231,1,0.132,0.392,143.008
1ng4byy7mejezJ08hs4P7R,413839,1,0.00391,0.822,0.571,0.0572,0.0518,-11.215,0,0.0527,0.547,112.998
1whAXVGN8AdfrnoXNIXfJf,190393,1,0.183,0.61,0.599,0.000124,0.0854,-5.752,1,0.341,0.805,154.255
3XqM8hLCEYlbnFjoWwqtFv,306847,4,0.192,0.406,0.5,0.0,0.175,-8.452,0,0.0501,0.0905,157.984
38yfPQYoGWFJtn3NLBqTB0,411429,0,0.0471,0.91,0.902,0.000517,0.0881,-6.693,0,0.0465,0.903,111.998
3oPYVnm0LsmAQ4RobrRS29,447835,6,0.06,0.861,0.524,0.000776,0.0231,-13.325,0,0.0667,0.632,111.982
4URabg9AGHasjFEVdTbWcC,280425,1,5e-05,0.831,0.568,0.0901,0.122,-9.984,1,0.0515,0.16,113.009
4J1H4EuucGhhYfcPpYCBRr,492617,1,0.0133,0.785,0.471,0.688,0.119,-12.497,1,0.0468,0.497,112.991
6uTPdRrEDeH8Fyg5L5qmeU,125902,1,0.0504,0.781,0.567,0.0,0.0981,-7.857,1,0.0969,0.0743,121.964
6OGNF7mro80pMi5q1HhylS,390874,4,0.0332,0.867,0.783,3.96e-05,0.0196,-3.687,1,0.0522,0.577,113.013
4nFrcGM7MY1mpoQCC7Kefj,192936,10,0.117,0.775,0.662,0.0648,0.0928,-7.755,1,0.0408,0.257,112.014
0mflMxspEfB0VbI1kyLiAv,182347,9,0.782,0.662,0.488,0.0,0.102,-6.894,1,0.0682,0.817,117.913
2Oe52Ggx8lxxI55azZbr5h,463037,10,0.0159,0.806,0.682,0.00185,0.0548,-9.961,0,0.0537,0.582,112.992
3rUGC1vUpkDG9CZFHMur1t,131872,6,0.256,0.75,0.733,0.0,0.114,-3.18,0,0.0319,0.844,111.018
0JXXNGljqupsJaZsgSbMZV,195373,11,0.0267,0.684,0.607,0.000307,0.191,-8.127,0,0.1,0.498,81.001
5PyDJG7SQRgWXefgexqIge,265360,8,0.183,0.755,0.687,0.000177,0.125,-6.247,0,0.101,0.381,123.01
0OBkFew4sntJl9PaJp0TOA,460800,10,0.0396,0.75,0.533,0.354,0.0264,-9.95,0,0.073,0.513,113.031
710qLZ4WOxBj7ZaVbVJtkh,450326,11,0.0132,0.875,0.374,0.117,0.0394,-17.522,0,0.0516,0.661,113.002
7CyPwkp0oE8Ro9Dd5CUDjW,244685,8,0.0545,0.522,0.641,0.0,0.162,-6.287,1,0.0318,0.202,87.51
4xQgivVLGFlB0tctjpR2SU,260489,8,0.447,0.669,0.584,0.0,0.0568,-7.419,1,0.108,0.751,141.697
0QosomGFiJYOxj2ViZfqng,229332,1,0.0723,0.69,0.543,0.0291,0.0873,-6.752,1,0.0364,0.376,88.004
6WzRpISELf3YglGAh7TXcG,215467,1,0.0569,0.855,0.678,3.69e-05,0.412,-6.276,1,0.189,0.852,99.029
17phhZDn6oGtzMe56NuWvj,210689,9,0.199,0.561,0.604,1.9e-05,0.104,-4.409,1,0.0337,0.242,159.92
4iuNZTcvT9diFySSzVsnVS,217347,8,0.452,0.569,0.596,7.92e-05,0.205,-6.486,1,0.172,0.754,93.135
6wf7Yu7cxBSPrRlWeSeK0Q,222370,0,0.959,0.444,0.0911,1.05e-06,0.098,-17.665,1,0.0307,0.142,78.403
7aqfrAY2p9BUSiupwk3svU,247444,2,0.0277,0.47,0.64,0.0,0.382,-7.779,1,0.32,0.248,163.92
4rXLjWdF2ZZpXCVTfWcshS,125040,1,0.119,0.847,0.622,0.0,0.285,-6.747,0,0.0903,0.22,130.001
5tpft20jhQvRlG3O7XfwWy,391888,1,0.0246,0.842,0.504,0.0139,0.0698,-7.557,1,0.0534,0.495,112.995
2ee1Pa7Gs7lIGRXrl217IG,382334,1,0.0209,0.752,0.8,0.000982,0.224,-8.945,1,0.038,0.252,113.013
3xKsf9qdS1CyvXSMEid6g8,184516,9,0.667,0.545,0.545,5.48e-05,0.417,-7.362,1,0.107,0.549,159.94
4P62OAoBti8I0OusyVFQJc,351558,10,0.0017,0.916,0.543,4.06e-05,0.167,-12.538,0,0.0926,0.731,112.005
3h5TiWTqGxjSjFrbruPFH9,263040,6,0.128,0.66,0.727,1.31e-05,0.524,-4.028,0,0.0441,0.418,125.023
7Gc7tNSocAypLct0MYYzmk,347148,10,0.0295,0.869,0.549,0.0252,0.0679,-11.258,0,0.065,0.146,112.028
597LY7HnUeb9n6EUFUF8uc,347148,1,0.0408,0.791,0.675,0.000709,0.0881,-8.063,0,0.0572,0.325,111.998
3LfXImvXHkHzz0qqdFAol4,336658,5,0.0646,0.731,0.958,0.707,0.276,-8.272,0,0.0673,0.202,118.015
2Heqj9jtxarmecKxycGSWn,210714,1,0.487,0.556,0.675,3.53e-05,0.102,-6.85,0,0.0564,0.742,167.826
3uwYsiS1nnYDfVQMBbdX2B,433935,0,0.331,0.883,0.888,0.0,0.268,-1.012,0,0.107,0.827,107.015
1qhODkCMlYY22JflCKJQnz,385068,9,0.357,0.754,0.843,0.0,0.359,-5.921,0,0.113,0.953,107.99
7ME2ZENU0G5H7IlnPbWvOv,172364,5,0.12,0.89,0.917,0.0,0.265,-1.942,1,0.0443,0.771,110.003
2hVnTuP0zdUEwHhME9ThnC,248337,2,0.38,0.819,0.874,0.0,0.0558,-3.722,0,0.0462,0.835,115.995
6g95dK7o7vVh8ZCnDAseU5,235833,1,0.0477,0.573,0.759,1.37e-06,0.193,-4.706,0,0.0428,0.745,131.931
6m8vcn1JPflk8xBoFsaPDP,158586,9,0.379,0.797,0.614,0.0,0.122,-6.05,1,0.0616,0.363,111.989
1CQzS4IBMOHRYGgEg3eZrz,192927,2,0.392,0.46,0.6,0.0,0.32,-5.404,0,0.0606,0.572,137.585
0ZGmHDAUSgGV5mCUbtYFe7,156415,6,0.134,0.596,0.694,0.0,0.105,-7.461,0,0.0345,0.27,160.003
3vPePoOiJnSDLyqD3Hvrcr,204774,11,0.544,0.644,0.807,0.0,0.455,-2.198,0,0.0471,0.505,94.893
0zyAjQxKKcs5UAdctKc0xR,189818,0,0.47,0.732,0.892,0.0,0.102,-1.202,0,0.121,0.797,109.975
6yVGUtmHwDsqqXs1Lak423,196651,1,0.137,0.516,0.675,0.0,0.178,-4.517,0,0.0287,0.443,129.963
1oh3WIRKgoNi60o9SMykwS,248242,5,0.13,0.671,0.744,2.25e-05,0.105,-6.582,0,0.0381,0.472,91.037
7FhwM9XJeuVHbmpOcuZxxs,184973,2,0.372,0.846,0.774,0.0,0.282,-3.022,0,0.0642,0.65,106.99
3WOiSsqfXPZAtGTr2PFj6S,196806,5,0.575,0.706,0.467,0.0,0.112,-9.396,0,0.0401,0.224,100.045
4Guq7XrO1FjduwFBsVbr0E,216357,2,0.244,0.722,0.688,0.00117,0.138,-7.008,0,0.0267,0.881,104.999
2WuP742LZAVBU21UQXkj5e,198571,6,0.111,0.711,0.642,0.0,0.0667,-7.253,1,0.0487,0.757,83.958
6rxTHBynk2xnedaoqsW7p4,330253,1,0.209,0.894,0.774,0.0,0.186,-1.758,1,0.0913,0.916,110.042
7AVngULvj8UIiF4TvM2zFt,48000,10,0.16,0.84,0.809,0.0,0.0666,-2.794,0,0.0918,0.833,115.134
08yqfVX2AXNzrq6xlaGB3h,229026,11,0.79,0.374,0.517,0.0,0.104,-8.283,0,0.0646,0.686,173.936
3g4p8OgtpxHpEHzEjnRo6J,175911,10,0.769,0.566,0.332,0.0,0.0806,-11.366,1,0.0658,0.322,88.957
4Vm5J277k6HH6CNZEZXAE9,201185,1,0.0247,0.779,0.712,0.0,0.252,-5.262,0,0.0388,0.543,104.961
7qnR06N2Ekj9iBOQHiFqdq,219813,11,0.558,0.733,0.695,0.0,0.41,-4.387,0,0.0474,0.834,106.883
5R5ijj7vBugTf5Lnp0qbWk,195403,6,0.278,0.537,0.971,0.0,0.292,-4.845,0,0.0947,0.531,122.844
63Gl4Wqr98iJnWoNGFOQjr,261224,4,0.462,0.716,0.823,6.39e-06,0.628,-4.873,0,0.0528,0.909,139.931
3Hf81fxwZmFrTgqaSqyTfw,211331,8,0.0746,0.878,0.957,1.45e-06,0.378,-0.428,1,0.0762,0.92,117.008
5kdlxZ5skOYY3VK8RlfEIZ,206113,3,0.487,0.78,0.59,1.07e-05,0.115,-7.77,0,0.132,0.66,104.977
2NF0gMDLnJSaqIfj0SvrDi,240673,6,0.519,0.624,0.622,0.0,0.0764,-7.942,0,0.0901,0.584,90.014
0T61bGOEKCv09tvbbiXb8u,183197,8,0.129,0.839,0.922,0.0,0.356,-1.46,1,0.063,0.882,109.988
3ilp9U50Ak4CKkS7jdCY4L,170000,11,0.0688,0.85,0.8,0.0,0.149,-3.873,1,0.041,0.846,119.985
0TnD2vJ9M91YXbBQqhK8lU,245819,2,0.0417,0.651,0.69,0.0,0.183,-6.675,0,0.0368,0.492,127.997
5hCAs0OsDpCy6kZxEAI3aw,186990,7,0.326,0.797,0.697,0.0255,0.134,-6.375,0,0.0397,0.926,140.055
68WRDAU8QecpIyasp2BEby,306362,3,0.53,0.393,0.5,0.00217,0.171,-9.22,0,0.14,0.367,81.882
2X6nInxASivyRpPPNToiD0,355939,2,0.067,0.9,0.86,0.0,0.128,-1.963,0,0.113,0.69,108.036
0Oz1kaka4qeWhjntOZTRFv,232500,1,0.486,0.599,0.428,0.0,0.0995,-8.555,0,0.17,0.36,80.026
4vIbws1xp082bv0zl8vLaJ,237832,3,0.373,0.74,0.507,0.000201,0.239,-8.764,0,0.118,0.551,103.993
00TO3hVgOAgfKrRjrKEZxx,181311,6,0.578,0.447,0.54,0.000586,0.2,-12.572,0,0.0446,0.499,97.747
3FJ2RFcLUogTbyt9MGVQoC,282430,2,0.4,0.478,0.639,0.0,0.106,-5.248,0,0.0454,0.298,139.619
0Kb87SCKl8pFyKm0yD9TYf,163122,7,0.104,0.741,0.819,0.0051,0.427,-5.189,0,0.0708,0.86,92.332
0qC4KxOmWoSaMqwj9rHp49,178886,7,0.921,0.671,0.41,0.00181,0.102,-8.192,0,0.183,0.51,165.955
5uY9sxUgX1EarWZXCKdzzu,297000,2,0.133,0.756,0.948,0.0,0.433,-1.691,1,0.123,0.874,107.009
21xzasfNyth66koAVTkNTA,252076,1,0.728,0.339,0.303,0.00969,0.201,-11.376,0,0.0358,0.144,139.641
2eyEsqY6J8b4KqaVEkXa8l,360453,3,0.618,0.24,0.37,0.0,0.0884,-14.992,1,0.0382,0.218,70.325
6S6nYPaoZSmXbcbw6pVMvR,311867,7,0.312,0.829,0.932,0.0,0.26,-0.632,1,0.161,0.889,106.982
4y5cWLlxJzEumBAdGzdY5s,188119,10,0.165,0.776,0.633,0.0,0.205,-6.448,0,0.0928,0.388,119.962
7GdTv7oq8wMIEHm6ZO3C5w,231471,6,0.165,0.799,0.978,0.0,0.211,1.155,1,0.18,0.777,111.945
0PTlHYXWyCeayIw3Tpafdl,216816,0,0.435,0.579,0.9,0.0,0.365,-2.534,0,0.158,0.741,186.088
7JTf7bVijxgDdkmozrswvE,304225,0,0.858,0.464,0.458,0.00409,0.264,-9.437,0,0.0475,0.371,142.151
5BiSAqXhrMRoxvDd34vBXT,272433,2,0.245,0.625,0.585,0.0,0.0659,-8.747,1,0.0367,0.461,163.925
0SbObewB36qKLWcaxMntej,195882,0,0.47,0.686,0.66,7.01e-05,0.206,-5.947,0,0.0291,0.727,135.984
1IMRi5UVOV77PsAgdWDvzh,136133,9,0.366,0.878,0.722,0.00311,0.141,-6.917,1,0.0473,0.57,117.967
6BWgLorAwF17ofyu8361HM,129123,6,0.075,0.91,0.844,1.22e-05,0.0297,-4.224,1,0.0735,0.876,113.027
3JozQbIWMHBTKIghXKehVy,157200,1,0.0238,0.774,0.594,0.000231,0.546,-6.838,1,0.0392,0.708,100.001
2khv04F26pnJr4989Maowi,143111,0,0.462,0.53,0.844,0.0,0.123,-8.214,0,0.211,0.834,134.977
3eWpfsYgd5OL2QdwcVcF6Q,196364,8,0.36,0.827,0.819,3.22e-06,0.155,-6.324,1,0.0787,0.882,110.008
5KV5UXd1uNZZafWTudrVft,180638,10,0.105,0.584,0.747,0.0013,0.149,-4.726,0,0.258,0.798,98.111
7FB5261Iv3MRbSz13HYP5l,131187,9,0.665,0.825,0.66,4.1e-06,0.165,-5.471,0,0.0669,0.965,107.982
35MU2MEhQMw0NhXZztAP9m,233571,1,0.256,0.689,0.835,1.14e-05,0.22,-6.364,0,0.144,0.769,111.966
2LP8KwtvzUx1onvXKQCoKR,171089,1,0.641,0.592,0.536,0.0101,0.136,-8.872,0,0.344,0.294,136.087
6rOqLUy3kp0PVQQEtNPpbQ,174744,10,0.184,0.804,0.744,0.388,0.104,-5.39,0,0.0395,0.775,104.981
0zVk3uuV9UhxAt48F3OL12,186154,5,0.471,0.823,0.415,0.0316,0.128,-10.845,0,0.0637,0.488,113.976
59sAr7NvZDeH7oYrkiyZcQ,168103,6,0.0286,0.821,0.619,4.93e-06,0.118,-9.496,0,0.102,0.388,115.949
652eb66Jp9rLJ3erEwaCio,136856,8,0.124,0.576,0.768,7.75e-05,0.078,-3.422,1,0.129,0.878,133.012
7CkDjDtJjCZA7AW7RBvrvC,205714,5,0.237,0.91,0.382,6.87e-06,0.0744,-12.723,0,0.0796,0.378,111.991
4E8EciYYzTKF4REO51XQiS,166000,5,0.0127,0.788,0.819,0.0,0.225,-5.795,1,0.0327,0.2,107.003
0GeZh7YiQRqYwHS2IdEskL,154985,7,0.269,0.831,0.761,0.00215,0.12,-6.574,1,0.137,0.797,114.062
2dyny0cqxTu0hEVLBUMyV2,147193,5,0.157,0.654,0.764,0.0,0.621,-6.005,1,0.0349,0.885,116.121
7yKjDDd9w01nFEOD5adoHq,138069,6,0.74,0.847,0.825,0.000175,0.151,-7.042,0,0.106,0.726,113.019
0UEct6UTSjqEex8AHOUf5z,149171,1,0.0485,0.759,0.788,3.67e-05,0.0644,-4.776,1,0.095,0.743,100.029
2oXElJdmnDXKkeWNEYiK7A,192432,6,0.18,0.897,0.396,8.93e-05,0.185,-11.215,0,0.206,0.785,110.974
4RoKNqyZ9622tcAeNPNv5k,153347,2,0.0851,0.808,0.634,0.0,0.127,-6.764,0,0.172,0.569,100.03
5c1rWQAa8GX8LgCC9h3d1N,189016,0,0.379,0.415,0.786,0.0,0.153,-5.604,0,0.172,0.458,192.408
19IAoqAkRQ5tC1U0p7SWpZ,165378,8,0.35,0.815,0.644,8.04e-06,0.205,-5.692,1,0.082,0.567,119.02
5ZtK8XAVnoaGdBXZWCEVCY,157714,6,0.692,0.778,0.801,0.000155,0.0912,-7.326,0,0.106,0.914,104.986
0x3sDnom0itB72oEVrRE7v,210195,9,0.0864,0.841,0.831,0.00137,0.0708,-5.64,0,0.0409,0.584,111.016
2H0w7oYDjUvgsFlNQ5swIg,134483,5,0.547,0.825,0.767,4.6e-06,0.0914,-7.893,1,0.0418,0.857,115.957
5dVJTSZhL2n81ZkT4PZu0x,155020,4,0.113,0.898,0.735,0.00592,0.173,-7.374,0,0.109,0.403,95.992
02qAdqcn1HGt3RMWMTDkSe,154667,0,0.526,0.431,0.854,5.39e-06,0.121,-8.651,0,0.296,0.805,64.595
7CIhImlbs2RtT58oKnvROT,161515,1,0.0513,0.881,0.936,0.00277,0.406,-4.275,1,0.0522,0.819,113.013
2GWkO5XkrxGJJWrKxLLRjA,157241,0,0.174,0.849,0.417,2.44e-06,0.119,-13.451,1,0.0584,0.677,116.003
1JqxgXNhqWpFss7nZzlwOz,179485,5,0.164,0.785,0.696,1.49e-05,0.149,-7.105,1,0.0919,0.594,116.067
5mhM7bfzv52bzfCzlq8vH1,217566,6,0.0335,0.903,0.428,6.23e-06,0.0623,-14.557,1,0.247,0.503,115.029
3EfMWIEGQB24dQv5x4Hwvx,240000,7,0.116,0.698,0.568,0.00492,0.152,-8.314,1,0.211,0.243,95.268
747cO9FmyVvRCrsRusfwdL,147363,2,0.373,0.753,0.693,0.000234,0.12,-8.111,1,0.245,0.869,107.985
0V9hYbo9uL11hqLP3u0yqA,177319,0,0.222,0.706,0.606,0.000194,0.113,-5.764,1,0.0831,0.491,165.997
6bBQmflDHD8a35PeZjw44J,153757,1,0.312,0.716,0.685,0.0,0.224,-5.407,1,0.169,0.791,114.002
4nFrcGM7MY1mpoQCC7Kefj,192936,10,0.117,0.775,0.662,0.0648,0.0928,-7.755,1,0.0408,0.257,112.014
2JtrWZrpNkbSEzG5m9phAV,136552,4,0.188,0.849,0.773,0.000134,0.244,-6.921,0,0.168,0.172,116.168
1n3JvneU8FhfldfTQ8BdZs,138305,8,0.331,0.866,0.702,0.000156,0.0519,-8.965,1,0.136,0.861,117.99
7vKXc90NT5WBm3UTT4iTVG,194040,6,0.182,0.724,0.809,0.0,0.0765,-5.022,0,0.0929,0.606,99.005
0QdQh3umB7stVOExuHlWvl,124000,7,0.0349,0.723,0.785,0.00293,0.0897,-6.38,1,0.243,0.645,187.967
1mk8ZC9OeTZMr8Wy31LqRj,154513,2,0.0923,0.837,0.831,0.176,0.0819,-6.21,1,0.08,0.529,111.978
4jcrO2T6XJ1B7hXsAEJ3ve,209763,6,0.406,0.771,0.399,4.93e-05,0.115,-7.876,0,0.122,0.0885,115.985
25k1dcqUAmq4uYKUFj7u3o,151598,8,0.504,0.788,0.728,0.0019,0.273,-4.024,1,0.053,0.874,103.017
4bE2eWDiGBzRgfTl5IPBW4,175820,5,0.119,0.738,0.692,0.00936,0.0453,-8.753,0,0.0713,0.834,111.972
6TBpPOmLOa1mInpq3PIz6N,170606,6,0.209,0.815,0.923,0.0,0.255,-3.753,0,0.0875,0.622,114.009
6GkFuU6FVfx866bhM1T1Iz,170323,8,0.242,0.521,0.584,0.0,0.276,-5.692,0,0.104,0.556,118.932
0YeUYYOh25Cn57DKTC8uS4,188985,9,0.136,0.854,0.731,0.00548,0.131,-5.568,1,0.0485,0.598,113.018
7sFukIJffFFLwnazXIbqP5,129057,11,0.327,0.575,0.724,0.000116,0.302,-7.331,0,0.268,0.71,105.96
2GG6ETOQ8jiXcKYrwhNi0M,155500,6,0.568,0.746,0.876,0.000141,0.205,-5.972,0,0.147,0.93,112.47
0NJAqnvbF6vzripOB7PclP,175396,8,0.531,0.866,0.494,0.0,0.118,-7.139,0,0.0827,0.77,121.018
1c6hnvWjzUsJoypgwUV2sE,121845,8,0.277,0.689,0.449,2.17e-06,0.0916,-7.169,0,0.0366,0.788,126.056
57Z7lSnhwx82laEb6rdZPB,224615,5,0.23,0.549,0.848,3.12e-06,0.397,-4.184,0,0.344,0.524,155.824
4wZTvLi0khNRqqz4i5XhdV,186000,3,0.294,0.721,0.455,0.0,0.116,-9.812,0,0.343,0.879,120.184
2kbNBhtgGiTxBuZTCXiQVY,153887,2,0.474,0.882,0.636,0.03,0.055,-8.459,1,0.124,0.695,95.978
5AxEGHRwgBqFDZ20ilkCw6,175385,8,0.495,0.694,0.689,0.0,0.242,-6.95,1,0.0833,0.669,77.905
2v6jmF6VQWS96x6tSg05IC,206182,5,0.285,0.491,0.486,0.0,0.0976,-6.588,1,0.0347,0.262,82.411
6zdryckXPbIeQE5npNqvNp,163965,7,0.0813,0.797,0.526,0.0,0.167,-10.404,1,0.0429,0.896,120.051
1BxfuPKGuaTgP7aM0Bbdwr,178427,9,0.117,0.552,0.702,2.06e-05,0.105,-5.707,1,0.157,0.564,169.994
3vkCueOmm7xQDoJ17W1Pm3,137773,9,0.868,0.504,0.308,0.135,0.158,-14.958,1,0.0321,0.121,113.95
01iNOMVE89uKaurFTDZX2Y,141762,3,0.0872,0.747,0.441,0.0,0.167,-6.946,0,0.105,0.714,121.925
00h9iBIZPHjHAVoNzKHIOz,238000,11,0.094,0.721,0.594,9.14e-06,0.107,-8.612,0,0.0601,0.207,137.954
2ONW0ksoUixoxT7gfI9hWX,222000,9,0.14,0.377,0.716,0.00195,0.182,-5.278,1,0.0357,0.336,179.632
7b89Ffklm3xh4GI37vlZDZ,222298,4,0.21,0.624,0.769,0.000147,0.106,-6.277,1,0.0498,0.466,105.099
3PgjBOoA5OytNGkglObpOd,288189,2,0.432,0.311,0.342,1.93e-06,0.114,-8.889,1,0.032,0.274,177.158
0Qra8Ps4tJAZPqRXyehCjc,241147,4,0.269,0.582,0.506,6.4e-05,0.0994,-8.443,1,0.0274,0.464,93.34
7CyPwkp0oE8Ro9Dd5CUDjW,244685,8,0.0545,0.522,0.641,0.0,0.162,-6.287,1,0.0318,0.202,87.51
5mi8Oe95frx6LhvFioXE7t,265678,2,0.0131,0.615,0.693,3.92e-06,0.0852,-9.661,1,0.0303,0.85,118.006
3AJwUDP919kvQ9QcozQPxg,266773,11,0.00239,0.429,0.661,0.000121,0.234,-7.227,1,0.0281,0.285,173.372
67DEADzgSxkFWI3jVlQUL3,237486,0,0.0705,0.58,0.475,0.0,0.0885,-11.806,1,0.0262,0.43,102.023
0szRYVD2MwFzQMs58PT1Ec,194476,7,0.289,0.808,0.398,0.000257,0.142,-9.746,0,0.0492,0.939,116.985
6KDLUcxVRvXIXMexgf9x9b,256000,7,0.5,0.872,0.184,0.0371,0.0551,-16.546,1,0.151,0.288,120.031
2ESL2ZcFU32llFIyXLFy5P,197933,1,0.0123,0.702,0.583,0.0,0.181,-4.589,1,0.0362,0.546,139.917
5v5dlsJYrw9xiB36GELIUV,197009,8,0.911,0.454,0.38,9.39e-06,0.108,-7.071,1,0.059,0.214,137.585
4iZ4pt7kvcaH6Yo8UoZ4s2,201800,5,0.141,0.559,0.551,0.0,0.11,-7.231,1,0.132,0.392,143.008
3kdDccXEVz0snh6mcL4eFj,170263,6,0.224,0.717,0.353,0.0,0.0721,-7.872,1,0.0349,0.538,118.005
2BLdelIp46CHvKkyWeqZHL,284812,7,0.526,0.48,0.571,0.000213,0.232,-7.818,1,0.042,0.257,146.051
0pZ1RKuQnKK3TetoSHyx7i,186812,10,0.0219,0.713,0.778,0.0,0.132,-4.02,0,0.0826,0.514,92.401
4XSIv5hJzP6kEQqsLli1eE,212608,0,0.954,0.578,0.305,0.0578,0.23,-9.798,0,0.0258,0.197,99.914
3oSu6uIHuwZOTyHdAZGojm,198888,2,0.501,0.686,0.52,0.0,0.224,-11.427,1,0.069,0.1,109.927
3gRhGExNITCqVo0mCyqp3m,179116,1,0.0269,0.857,0.421,6.34e-06,0.327,-8.178,1,0.0679,0.0775,120.014
0nJW01T7XtvILxQgC5J7Wh,213827,0,0.932,0.612,0.28,0.0,0.088,-8.648,1,0.0434,0.387,72.795
2K0CH6BtfBtY7wMnsKIuzo,246346,8,0.596,0.48,0.538,0.000229,0.206,-8.297,1,0.0398,0.392,207.924
47Slg6LuqLaX0VodpSCvPt,220734,5,0.0134,0.635,0.841,0.0,0.0622,-5.379,1,0.0422,0.424,109.021
14YZcGhRR05BTYajt8f9u9,170078,4,0.236,0.767,0.66,0.0,0.457,-7.272,1,0.0869,0.796,127.064
0mtkRIAOueeXqHpyahIbtJ,291070,8,0.544,0.715,0.699,3.74e-05,0.0795,-6.815,0,0.0501,0.612,114.994
1dGr1c8CrMLDpV6mPbImSI,221307,7,0.492,0.359,0.543,1.58e-05,0.118,-7.582,1,0.0919,0.453,68.534
1kuGVB7EU95pJObxwvfwKS,219724,5,0.177,0.511,0.532,0.0,0.291,-5.745,1,0.0578,0.35,138.005
3rUGC1vUpkDG9CZFHMur1t,131872,6,0.256,0.75,0.733,0.0,0.114,-3.18,0,0.0319,0.844,111.018
1t2gvCG4jH1kYE9sX2PrRs,227263,4,0.837,0.612,0.389,0.00461,0.306,-12.725,0,0.0578,0.348,125.091
6Rv8Ltr2MuAIM3LHF4L8qs,219470,10,0.109,0.709,0.867,0.000611,0.153,-5.122,0,0.0424,0.3,151.966
4AULw1VRyJP17zMvwgTIUs,335625,9,0.295,0.627,0.433,0.393,0.332,-9.868,1,0.0232,0.353,96.016
61DuXKQqvXkxcrAIiNLIgR,206500,4,0.186,0.596,0.785,0.0,0.165,-4.282,0,0.0363,0.695,120.022
0HAG6nIiEKd75yGpovuSJQ,269256,6,0.783,0.429,0.464,0.0,0.0846,-8.445,0,0.0719,0.375,121.17
0uemlnPoeZOYIDaMFZ7lvi,260000,10,0.038,0.608,0.695,0.0,0.0939,-5.307,0,0.0333,0.203,83.965
0x7PmByJWVXdeipevd6KZS,303933,10,0.843,0.599,0.42,0.000262,0.103,-11.637,1,0.0645,0.506,93.981
2HRgqmZQC0MC7GeNuDIXHN,183551,11,0.312,0.79,0.831,0.0,0.0797,-4.185,1,0.044,0.872,124.987
2nqlM3gNBMi5Zf9MDzp2Xi,201951,7,0.75,0.637,0.455,0.0,0.13,-7.404,1,0.0385,0.608,82.094
4mc3rUoMwwiNTHA4al9nNd,201807,6,0.221,0.652,0.76,9.09e-05,0.147,-4.098,0,0.0406,0.615,98.079
5aIVCx5tnk0ntmdiinnYvw,200256,3,0.0856,0.673,0.722,0.0,0.137,-3.495,0,0.0755,0.519,117.187
0kdqcbwei4MDWFEX5f33yG,168136,6,0.0841,0.853,0.822,0.00985,0.166,-6.836,0,0.246,0.746,157.013
2cxcqKwQtfKq7giphxjzOu,215853,8,0.433,0.649,0.641,0.0,0.11,-4.665,1,0.0251,0.63,102.983
1hAloWiinXLPQUJxrJReb1,211733,10,0.105,0.457,0.941,1.38e-06,0.437,-2.692,0,0.0917,0.876,165.783
7sditHCsoFw3nHnjFv1BHV,262984,8,0.0896,0.479,0.641,0.0,0.0666,-5.31,1,0.0415,0.275,146.354
7o0TPSw494RG2Q4iWmd1v6,189773,10,0.172,0.616,0.975,1.62e-06,0.143,-0.425,0,0.208,0.742,132.054
0teqQ0PYqVDyyXJuPOyMhu,272227,6,0.0306,0.756,0.578,0.0,0.0534,-4.575,0,0.0327,0.677,115.004
6nIoYpfSvie3Ln46dyi8FC,256787,3,0.0407,0.47,0.768,0.0,0.352,-4.039,1,0.0403,0.522,152.105
0GWNtMohuYUEHVZ40tcnHF,238987,6,0.0663,0.566,0.85,0.0,0.319,-4.431,0,0.0599,0.722,117.048
170XOP1T4MvY9TLTgPw07D,263107,7,0.0604,0.671,0.758,0.0,0.332,-3.793,1,0.0474,0.537,117.51
5LkmpgQYtwHtuvASgnLBe1,203150,7,0.0209,0.736,0.695,0.0,0.0517,-3.87,1,0.0468,0.784,109.976
2HRgqmZQC0MC7GeNuDIXHN,183551,11,0.312,0.79,0.831,0.0,0.0797,-4.185,1,0.044,0.872,124.987
3YML5IHoqWbw9c9vJJvrvM,343253,5,0.0693,0.48,0.669,0.0,0.149,-5.168,1,0.0431,0.378,155.89
1pCcNaCodPssCc8Aq68gPS,224805,2,0.00334,0.335,0.943,0.0,0.324,-3.176,1,0.067,0.64,75.093
5eY7692tmgHB9dbmq6wa2M,270705,11,0.032,0.695,0.571,3.58e-06,0.118,-6.249,0,0.111,0.726,101.955
74X2u8JMVooG2QbjRxXwR8,159080,5,0.1,0.697,0.82,0.0,0.0631,-4.502,1,0.0308,0.502,136.054
0YTM7bCx451c6LQbkddy4Q,194267,5,0.0351,0.655,0.907,1.37e-05,0.15,-3.868,1,0.0488,0.506,103.968
1JrxwbZ9u0VNwemdcJwZNi,314469,11,0.00104,0.507,0.939,0.0,0.279,-4.299,0,0.0882,0.618,144.046
3jNwPOqdPvQIr5dRT0hzgY,226558,2,0.439,0.829,0.514,1.45e-06,0.231,-5.333,1,0.0531,0.757,82.05
2EmkTBTh964LQen4Vz0svg,199333,10,0.166,0.569,0.953,5.78e-06,0.071,-2.018,0,0.109,0.477,96.047
3zbKiko8V3u2yn1RcT8xBZ,196640,1,0.0144,0.483,0.893,0.0,0.297,-4.842,1,0.205,0.651,152.034
4KiY8v1cM2S8BS8ob2IGVg,127926,11,0.15,0.467,0.933,0.0,0.121,-4.133,0,0.249,0.854,175.846
02tNuntKQsoou5T4O8meyh,246700,5,0.118,0.769,0.716,0.00659,0.158,-8.203,0,0.0429,0.66,123.031
5BC6kr6etk2Y9J62AyI4i3,270027,4,0.00157,0.31,0.891,0.0,0.284,-1.66,1,0.0469,0.748,184.886
4zrKPIygugUDKGFEjVwpSB,305509,6,0.0313,0.649,0.683,0.0,0.118,-6.49,1,0.0424,0.381,130.0
3wJHCry960drNlAUGrJLmz,198971,5,0.343,0.679,0.834,5.74e-06,0.119,-3.223,1,0.032,0.962,139.996
2kXER8pkjxDVQnlagpVJJw,289173,6,0.000193,0.566,0.796,0.00019,0.228,-5.058,1,0.031,0.599,130.059
0OeTb9sIQTNq313HQHv9TM,183800,10,0.0121,0.719,0.436,0.0,0.123,-4.903,1,0.0401,0.748,130.016
2vOAHp8PBBFYqvQUWSoITY,211600,4,0.00894,0.533,0.918,0.0,0.643,-2.095,1,0.0616,0.662,92.504
18mkDTCwDfZyTJNYieHxhQ,157200,9,0.0299,0.665,0.903,2.01e-06,0.185,-2.846,1,0.313,0.726,179.929
7M0dIdZWN1FDcveRdoOzbZ,228760,10,0.238,0.364,0.628,0.0,0.0931,-6.142,1,0.0319,0.612,93.792
77mI5OSGIIPKxHXBkHOySy,238507,2,0.127,0.562,0.596,0.0,0.214,-5.419,1,0.0292,0.295,146.039
2hXPmiqKdXcbV0L1VKnTDN,227469,6,0.0737,0.647,0.959,0.0,0.0683,-3.835,1,0.0477,0.807,132.002
1H3qOzheTPhE7aVvJOWfvA,211920,1,0.0107,0.545,0.913,0.00029,0.245,-3.565,1,0.0298,0.747,98.047
3RvdkNMcSy71m0aT6UF9Uf,288013,10,0.0103,0.424,0.761,0.0,0.145,-3.526,1,0.0305,0.424,145.816
7dPdKXZjt04R6Ne7vWXZIh,258307,1,0.295,0.559,0.601,0.0,0.0733,-6.51,1,0.028,0.545,77.963
7Md0Rk4s9khBtVpSD03bWl,307120,0,0.447,0.53,0.628,0.0,0.0963,-4.641,1,0.0253,0.297,76.055
4dmruTsdHIOjfOIeaFitXK,276918,6,0.0138,0.558,0.79,0.0,0.224,-4.372,1,0.0411,0.543,95.607
5m21ZR5lO6U0tp9KENxuCc,251333,6,0.0068,0.485,0.946,0.0,0.289,-3.721,0,0.11,0.621,130.059
2jdbZGFp8KVTuk0YxDNL4l,294813,9,0.066,0.54,0.923,0.0,0.124,-2.838,1,0.0623,0.343,137.977
1zd35Y44Blc1CwwVbW3Qnk,248027,10,0.305,0.725,0.853,0.0,0.115,-3.193,1,0.0516,0.707,134.991
1lyDrDkuV5HsD1vfmAxbPI,258600,11,0.0714,0.484,0.618,0.0,0.0782,-4.073,1,0.0299,0.557,146.016
3QIAwtEEDOrv0g5NKCGrXZ,286053,2,0.0178,0.519,0.713,0.0,0.353,-3.612,1,0.0324,0.505,159.963
3cBghvTcQNDNkW98Y4eGaP,278119,2,0.159,0.628,0.775,0.0,0.33,-4.479,1,0.0535,0.674,106.382
1VoTe7qVyqyMNLgZpQeugO,192400,4,0.0142,0.543,0.965,5.83e-05,0.366,-2.727,0,0.0905,0.646,170.051
0J0P8iSE6l3pYHbUdNFYdS,193990,0,0.643,0.628,0.533,0.0,0.0733,-7.235,1,0.0417,0.459,79.953
3r8RuvgbX9s7ammBn07D3W,185507,6,0.027,0.814,0.641,0.0,0.0993,-5.957,0,0.111,0.183,133.854
65FftemJ1DbbZ45DUfHJXE,212253,9,0.357,0.804,0.771,3.07e-06,0.108,-4.067,0,0.0433,0.739,126.956
4JK1kDUdH9RTBQrrSO1QfR,230600,5,0.222,0.367,0.671,0.0,0.494,-4.604,1,0.0478,0.691,179.833
6zjk7Qbwb9DZ4ykUUoqknh,286000,7,2.77e-05,0.445,0.94,1.34e-05,0.32,-4.16,1,0.175,0.349,150.082
5W7Y92LB4jWvu9NeEQ0GZl,219253,4,0.245,0.598,0.511,0.0,0.0732,-6.015,1,0.0423,0.652,171.845
0TL0LFcwIBF5eX7arDIKxY,217895,5,0.682,0.527,0.376,0.0,0.142,-9.974,1,0.0298,0.24,151.928
1BpvuKIG7jK5EiTp2tv5z8,226933,11,0.301,0.794,0.566,0.000168,0.151,-8.35,0,0.0602,0.68,85.953
7yDHHVKLbvDmVw1XXhDDIO,250158,10,0.768,0.413,0.406,2.22e-06,0.107,-10.23,0,0.0353,0.281,76.944
26ku8sJ1rV2gQAEuNs38X6,203520,5,0.813,0.717,0.636,6.13e-05,0.185,-7.585,0,0.0577,0.578,124.836
3zSSCPpLZ5Oc8nelhhGjKz,263185,1,0.437,0.708,0.356,6.54e-05,0.112,-9.738,1,0.075,0.569,83.679
5rpCUsEfBLIumvrxrahnKF,218400,9,0.669,0.684,0.531,0.013,0.135,-7.037,0,0.0523,0.613,100.014
4thOONDx78zsY8sHGfU1M2,172067,8,0.109,0.695,0.786,0.0122,0.186,-6.223,0,0.037,0.408,102.022
2C6CJGFLbisteRuY6Plb7b,240000,2,0.824,0.786,0.54,4.31e-05,0.123,-5.622,1,0.0264,0.82,108.032
5ZLkihi6DVsHwDL3B8ym1t,159222,7,0.284,0.848,0.512,0.00645,0.101,-7.757,1,0.118,0.881,144.926
3NwmvlTYDZPRBGDMGgJH8K,143200,1,0.0163,0.749,0.571,8.41e-06,0.136,-9.111,0,0.0504,0.329,90.014
6c4Po8zyQjB4cR5XgLhcGb,117606,1,0.637,0.796,0.455,3.59e-06,0.156,-7.763,0,0.0997,0.352,99.958
0M0ANKNzmM4Odd7FNKghzW,171147,8,0.358,0.763,0.587,6.03e-06,0.13,-8.299,0,0.0381,0.794,106.977
3yHyiUDJdz02FZ6jfUbsmY,271169,0,0.735,0.273,0.405,0.0,0.189,-5.81,1,0.0298,0.534,89.48
7n3BVENCi9odYvNeFwcmCv,208000,4,0.551,0.677,0.403,2.85e-05,0.118,-11.263,0,0.0281,0.563,104.995
4eBvRhTJ2AcxCsbfTUjoRp,183757,4,0.262,0.742,0.627,1.23e-05,0.269,-8.939,0,0.0533,0.356,89.998
6bmmHeCvZI92pRiTHxEdTC,233453,1,0.562,0.616,0.669,0.0,0.177,-6.836,1,0.0349,0.475,116.973
0YQJoDL6f46J0n1rOVkpxJ,155161,8,0.191,0.735,0.564,0.0,0.0791,-7.786,1,0.204,0.902,92.986
7e2dvR0ySx1bBJRDxVJiG1,270000,4,0.42,0.656,0.521,0.0,0.136,-9.197,1,0.0464,0.262,139.86
72vuBPMhwFNlSYpTSf6fVD,153016,6,0.0348,0.726,0.804,5.59e-06,0.361,-4.775,0,0.078,0.644,90.983
3xMHXmedL5Rvfxmiar9Ryv,200374,0,0.393,0.575,0.845,0.0107,0.131,-5.28,1,0.0852,0.439,95.047
6wkHR8cU4INbp145hngbQO,161000,10,0.0977,0.769,0.684,0.0,0.18,-6.113,0,0.148,0.483,100.042
3KutViJ3KWOK7UXGrM0lNl,153026,5,0.902,0.481,0.464,0.0239,0.153,-8.721,0,0.128,0.381,79.596
6oz1L5jcqZWYuId7nxvIan,174730,6,0.182,0.881,0.431,0.0018,0.113,-11.093,0,0.0914,0.246,94.0
6V4N3h4HYD1Ask9cUTxjjg,218601,1,0.344,0.806,0.344,0.0,0.106,-12.648,1,0.28,0.398,87.976
76pWGIqdI2d7X4MmoUT4L5,173333,10,0.677,0.332,0.315,0.00216,0.21,-16.102,1,0.043,0.132,179.863
0OauMPVbUhER2Qc7ldBc9J,219082,10,0.163,0.79,0.837,0.0,0.344,-4.976,0,0.0739,0.838,108.977
0OdztoASgKBBNcAgtErk0X,168300,6,0.794,0.462,0.371,0.118,0.124,-11.604,0,0.0988,0.187,99.662
7K6RLbkpqZI4OaoSnLcBiU,269650,1,0.392,0.769,0.407,1.13e-05,0.083,-8.716,1,0.0524,0.471,83.954
08Isz2ETWSBhvIl8UpKYsp,170388,4,0.24,0.768,0.487,0.0,0.175,-8.936,0,0.0431,0.722,137.034
0YxKKO272sacGBJKjf6FnB,182348,0,0.782,0.515,0.475,0.0,0.164,-9.661,1,0.0351,0.674,81.835
7CyPwkp0oE8Ro9Dd5CUDjW,244685,8,0.0545,0.522,0.641,0.0,0.162,-6.287,1,0.0318,0.202,87.51
4ApCig0GTR4IEp7Ijsyo3r,182171,3,0.241,0.532,0.825,0.0,0.31,-3.239,0,0.0798,0.878,75.723
1d5lpW3gUyq537iuyrb9Lf,172408,0,0.681,0.744,0.328,0.0002,0.128,-12.535,1,0.231,0.532,98.923
4fnIORP0QTYTOMPqMKpJtF,195200,9,0.0435,0.749,0.644,0.0,0.12,-6.558,1,0.336,0.446,150.015
3nKQrVVlwbAQSnFbgZWdN0,176000,1,0.29,0.868,0.748,3.93e-06,0.252,-3.492,0,0.0951,0.829,119.965
2oenSXLDbWVaaL7QjSGYj5,160500,0,0.0365,0.85,0.557,2.08e-06,0.131,-4.503,0,0.0431,0.468,96.99
3F3ZuXYFXGM1V6pk3b3zmi,213344,3,0.517,0.883,0.525,0.00046,0.0734,-8.391,0,0.112,0.608,97.005
5E17LNMDov8A01xUxK8Xaf,202474,3,0.751,0.666,0.469,0.0109,0.106,-10.081,0,0.0687,0.499,96.013
52eIcoLUM25zbQupAZYoFh,270698,2,0.00529,0.624,0.74,0.000224,0.5,-8.445,1,0.0481,0.246,172.089
5PUXKVVVQ74C3gl5vKy9Li,194857,6,0.516,0.728,0.494,0.00384,0.0759,-9.628,0,0.0256,0.558,105.007
7o1SDLghDwMc4OW3rKakVt,140153,11,0.211,0.772,0.703,0.00122,0.129,-7.73,0,0.122,0.48,90.036
6ygiy70ujkNOYXM1tQuMNe,214750,1,0.0935,0.756,0.664,0.0,0.104,-6.227,1,0.0851,0.675,96.018
3bQsp4Vr9Rg4fNCx6HPOgX,212750,6,0.869,0.699,0.299,0.0,0.0724,-12.599,1,0.0403,0.459,118.968
53QrRlALFJfZgdcGLKwy5s,139134,5,0.514,0.967,0.362,0.00637,0.124,-11.374,0,0.159,0.633,115.974
3WLJ7D5kh44K5eJ1NqZQ6W,207312,2,0.927,0.476,0.124,0.0,0.0972,-9.463,1,0.0443,0.19,94.299
6qrifdo7QINdPQr80IelGi,133306,6,0.601,0.737,0.458,6.98e-06,0.138,-5.805,1,0.0317,0.456,89.993
7CVw4gVPpH1TPQttQGVmhZ,389577,10,0.619,0.769,0.648,0.0,0.154,-6.658,1,0.135,0.49,100.015
24MMjyA3NLqCsDJfsn51eg,203049,4,0.53,0.637,0.703,4.23e-06,0.11,-5.297,0,0.0789,0.553,81.99
28lvraTNIN8qiTpoIK7m8Z,117973,1,0.299,0.725,0.658,7.38e-05,0.209,-8.906,1,0.268,0.443,147.936
5BBB2PDgDWi6NBECj0wJiA,213368,1,0.887,0.867,0.316,0.0,0.0996,-16.104,0,0.487,0.768,139.95
7F4tV8SiUy6itZTdAzdafO,260346,2,0.879,0.509,0.359,0.0289,0.19,-8.993,1,0.0279,0.329,155.799
5UHnOvi0XFvwY8ege9DNdD,234547,0,0.174,0.605,0.708,0.0,0.112,-5.952,1,0.0294,0.709,124.04
3vkCueOmm7xQDoJ17W1Pm3,137773,9,0.868,0.504,0.308,0.135,0.158,-14.958,1,0.0321,0.121,113.95
4SW9fIXaX6OxJhm9gspkDG,251600,1,0.734,0.5,0.467,0.00031,0.104,-7.514,1,0.026,0.287,143.974
2lMQOAKPam2JVEfNsZtWDe,179841,2,0.802,0.614,0.438,0.0,0.213,-5.737,1,0.0433,0.302,126.0
7CyPwkp0oE8Ro9Dd5CUDjW,244685,8,0.0545,0.522,0.641,0.0,0.162,-6.287,1,0.0318,0.202,87.51
3nWlfhNCcDhAxlsHmcggEG,212138,4,4.5e-05,0.481,0.876,0.0,0.108,-7.461,0,0.0467,0.606,171.973
26cvTWJq2E1QqN4jyH2OTU,231100,5,0.759,0.506,0.438,8.64e-06,0.109,-7.069,1,0.0268,0.178,129.538
4v9JJX3ZzuFFOKrMOYHTVZ,289280,4,0.231,0.46,0.72,5.43e-05,0.228,-4.062,1,0.0322,0.426,134.965
0KpWiHVmIFDTvai20likX4,187263,0,0.286,0.382,0.401,0.0,0.0851,-8.955,1,0.0851,0.145,185.636
6mQLN3zRtAp6ovjusyYKrV,218293,10,0.237,0.67,0.743,0.0,0.465,-4.993,1,0.0393,0.571,125.944
2GUp5FWzjfs422g45y16HQ,220946,7,0.371,0.424,0.583,0.000413,0.0599,-7.282,0,0.0343,0.456,73.856
4AfhlJghKIWkXa8sfFEXVd,173720,6,0.68,0.518,0.679,1.21e-06,0.102,-5.372,0,0.046,0.423,93.118
7wlfGt5NkpPT6nRC6yCr7u,169000,5,0.919,0.598,0.3,0.00186,0.103,-11.778,1,0.072,0.374,119.831
3FwQ3RYYEekzjEeL3jdpUZ,261300,2,0.432,0.522,0.357,3.31e-06,0.094,-8.579,1,0.0299,0.14,120.049
6XsFgTG4dY768oIB4Dmeu0,278219,2,0.805,0.363,0.391,1.34e-06,0.115,-8.429,1,0.0281,0.451,97.377
5MIpcd16T59wFeqAChSYwC,325147,0,0.122,0.566,0.885,3.75e-06,0.049,-4.664,1,0.0355,0.31,135.015
1X80KdFJpedU4as4WGIgYM,191950,11,0.166,0.542,0.526,0.0,0.116,-7.316,0,0.0263,0.394,75.098
2NjbJR8y083mOV59255QSe,209647,0,0.291,0.532,0.428,0.000233,0.0972,-7.255,1,0.0252,0.404,84.824
5JLv62qFIS1DR3zGEcApRt,220947,5,0.0749,0.514,0.683,2.64e-06,0.392,-5.099,1,0.0367,0.575,159.814
0x7PmByJWVXdeipevd6KZS,303933,10,0.843,0.599,0.42,0.000262,0.103,-11.637,1,0.0645,0.506,93.981
3e1rs346dsDDwpqTRGlRZR,223957,10,0.842,0.633,0.491,3.84e-06,0.172,-6.847,1,0.0336,0.234,116.974
1BxfuPKGuaTgP7aM0Bbdwr,178427,9,0.117,0.552,0.702,2.06e-05,0.105,-5.707,1,0.157,0.564,169.994
0nJW01T7XtvILxQgC5J7Wh,213827,0,0.932,0.612,0.28,0.0,0.088,-8.648,1,0.0434,0.387,72.795
4nTjkWK590oBDcnIxTr1mI,256800,7,0.0472,0.581,0.681,0.0,0.104,-4.469,1,0.0435,0.634,176.034
4rcuS31IcZynp91dqvmhmA,310625,4,0.959,0.319,0.322,0.000568,0.0947,-10.475,1,0.0313,0.212,80.492
4Trhv4MBai2ay6vF5ovC7g,278000,0,0.734,0.608,0.301,0.0,0.157,-11.738,1,0.0318,0.219,119.958
6Hii26x3qDErVitnGW8QtO,223974,3,0.876,0.593,0.287,0.000136,0.119,-13.164,1,0.0289,0.191,127.783
0otRX6Z89qKkHkQ9OqJpKt,248373,9,0.039,0.338,0.562,0.0,0.107,-7.181,1,0.029,0.259,149.907
7zcmeZ4Xt54ICq90anFSXq,293480,2,0.0603,0.446,0.686,0.0,0.0819,-3.942,1,0.0267,0.383,143.912
6xeqCawPZngDVqw2W2aGaR,207899,1,0.95,0.559,0.236,0.00673,0.105,-10.619,1,0.0282,0.33,141.977
1mruWrUwAVe2XkksUQiaHK,313671,0,0.523,0.361,0.581,5.42e-06,0.118,-8.502,1,0.0302,0.372,79.59
654ZF6YNWjQS2NhwR3QnX7,222707,7,0.399,0.696,0.414,5.87e-05,0.101,-8.547,1,0.027,0.353,133.912
3nHxZEe1dT7zs73DG6pNll,217200,7,0.863,0.461,0.36,2.51e-05,0.0914,-8.99,1,0.0269,0.131,109.236
7MXVkk9YMctZqd1Srtv4MB,230453,7,0.141,0.679,0.587,6.35e-06,0.137,-7.015,1,0.276,0.486,186.003
5XeFesFbtLpXzIVDNQP22n,183956,0,0.136,0.464,0.417,0.022,0.0974,-9.345,0,0.0256,0.479,67.528
1uy2DsaTtdBO9jBo7KBLWE,235336,7,0.847,0.513,0.361,0.0,0.22,-6.082,1,0.0268,0.204,79.153
2wAiFWjRupWmnDkQcu91MF,277457,11,0.456,0.72,0.786,0.616,0.186,-7.396,1,0.0319,0.488,116.032
32Pdf9eyXDEMoClEJW6yYP,170000,9,0.778,0.464,0.344,1.23e-06,0.132,-8.302,1,0.033,0.751,177.713
53fKDMfQhWMSw7QKVDOTBP,234125,0,0.722,0.516,0.338,1.22e-05,0.105,-8.81,0,0.0294,0.328,118.422
6MPo0FYKvO0AewUJoL9GUu,252613,7,0.383,0.642,0.781,0.000284,0.179,-6.285,1,0.0285,0.6,128.98
6E7DsxwI4eOcMHLYRUDCaw,298000,5,0.0701,0.617,0.706,1.41e-05,0.419,-6.304,1,0.0288,0.51,115.022
6O0WEM0QNEhqpU50BKui7o,243725,2,0.893,0.562,0.433,2.13e-06,0.122,-6.785,1,0.0397,0.192,119.998
3d6BjQ0QOLTzuKoOQbeGgG,285072,4,0.652,0.378,0.517,0.0,0.0898,-5.584,1,0.0639,0.512,199.811
0PtJbtW50jcvvswNPn3QGd,251077,2,0.0264,0.429,0.709,0.0137,0.135,-5.54,1,0.0297,0.26,130.046
1daDRI9ahBonbWD8YcxOIB,196453,5,0.0981,0.672,0.642,0.0,0.1,-4.035,1,0.0313,0.494,121.981
5O2P9iiztwhomNh8xkR9lJ,226600,8,0.859,0.672,0.52,0.0,0.115,-7.747,1,0.0353,0.37,120.001
2sD709AK9zRN6SKUmDhGEa,242000,7,0.609,0.48,0.418,1.6e-05,0.148,-6.168,1,0.0313,0.207,125.513
4GfK1qOF3uBWidbPlTCQRL,214567,6,0.573,0.534,0.462,5.59e-06,0.0974,-9.383,1,0.0326,0.519,88.046
2UgCs0i0rNHUH2jKE5NZHE,268423,4,0.726,0.358,0.32,0.0,0.105,-9.946,1,0.0308,0.384,115.499
0TL0LFcwIBF5eX7arDIKxY,217895,5,0.682,0.527,0.376,0.0,0.142,-9.974,1,0.0298,0.24,151.928
7yDHHVKLbvDmVw1XXhDDIO,250158,10,0.768,0.413,0.406,2.22e-06,0.107,-10.23,0,0.0353,0.281,76.944
3yHyiUDJdz02FZ6jfUbsmY,271169,0,0.735,0.273,0.405,0.0,0.189,-5.81,1,0.0298,0.534,89.48
6bmmHeCvZI92pRiTHxEdTC,233453,1,0.562,0.616,0.669,0.0,0.177,-6.836,1,0.0349,0.475,116.973
3zSSCPpLZ5Oc8nelhhGjKz,263185,1,0.437,0.708,0.356,6.54e-05,0.112,-9.738,1,0.075,0.569,83.679
0M0ANKNzmM4Odd7FNKghzW,171147,8,0.358,0.763,0.587,6.03e-06,0.13,-8.299,0,0.0381,0.794,106.977
3xMHXmedL5Rvfxmiar9Ryv,200374,0,0.393,0.575,0.845,0.0107,0.131,-5.28,1,0.0852,0.439,95.047
1BpvuKIG7jK5EiTp2tv5z8,226933,11,0.301,0.794,0.566,0.000168,0.151,-8.35,0,0.0602,0.68,85.953
5ZLkihi6DVsHwDL3B8ym1t,159222,7,0.284,0.848,0.512,0.00645,0.101,-7.757,1,0.118,0.881,144.926
1hA697u7e1jX2XM8sWA6Uy,261702,9,0.803,0.586,0.562,5.52e-06,0.063,-7.399,1,0.0267,0.436,93.982
5PUXKVVVQ74C3gl5vKy9Li,194857,6,0.516,0.728,0.494,0.00384,0.0759,-9.628,0,0.0256,0.558,105.007
4fnIORP0QTYTOMPqMKpJtF,195200,9,0.0435,0.749,0.644,0.0,0.12,-6.558,1,0.336,0.446,150.015
4ApCig0GTR4IEp7Ijsyo3r,182171,3,0.241,0.532,0.825,0.0,0.31,-3.239,0,0.0798,0.878,75.723
2C6CJGFLbisteRuY6Plb7b,240000,2,0.824,0.786,0.54,4.31e-05,0.123,-5.622,1,0.0264,0.82,108.032
0YxKKO272sacGBJKjf6FnB,182348,0,0.782,0.515,0.475,0.0,0.164,-9.661,1,0.0351,0.674,81.835
1zzejMGRYKP5XOa3FmzXfa,181818,7,0.243,0.765,0.642,0.00104,0.339,-8.48,0,0.115,0.822,148.465
54PRUdMOYzglMGnsg9kIta,277021,5,0.566,0.371,0.664,2.54e-05,0.159,-5.027,1,0.0318,0.672,187.629
4eBvRhTJ2AcxCsbfTUjoRp,183757,4,0.262,0.742,0.627,1.23e-05,0.269,-8.939,0,0.0533,0.356,89.998
4thOONDx78zsY8sHGfU1M2,172067,8,0.109,0.695,0.786,0.0122,0.186,-6.223,0,0.037,0.408,102.022
0645eBDehHcqfiF15hscQV,223390,8,0.44,0.578,0.444,0.0,0.146,-11.447,0,0.0644,0.36,76.032
6c4Po8zyQjB4cR5XgLhcGb,117606,1,0.637,0.796,0.455,3.59e-06,0.156,-7.763,0,0.0997,0.352,99.958
4UMIv5jd9gK98a39BQRD9X,268165,0,0.572,0.577,0.574,0.0,0.1,-6.525,1,0.0278,0.436,94.009
26ku8sJ1rV2gQAEuNs38X6,203520,5,0.813,0.717,0.636,6.13e-05,0.185,-7.585,0,0.0577,0.578,124.836
0Jiaz0O4AqnJICa9PxHhaR,181250,1,0.736,0.567,0.54,3.17e-05,0.164,-5.754,1,0.0406,0.331,92.027
0YQJoDL6f46J0n1rOVkpxJ,155161,8,0.191,0.735,0.564,0.0,0.0791,-7.786,1,0.204,0.902,92.986
26elzgFl8tvajnDfeoY1YF,164106,1,0.252,0.637,0.721,0.0,0.0586,-5.625,1,0.0465,0.308,99.995
0UZLaEOSIc5kg0cc7eszqC,191647,11,0.674,0.524,0.515,0.0,0.104,-7.478,0,0.0427,0.368,169.882
00ake6KfnzbZ2MaRLGqsyX,277500,7,0.586,0.271,0.726,0.0,0.353,-6.504,1,0.0527,0.532,87.425
2FCXQHugkoHE1K3tiDu8pu,341055,3,0.557,0.562,0.519,0.000268,0.172,-8.744,1,0.0326,0.415,122.925
2pIoyDWZV5OSW0xd6n41xV,222998,9,0.465,0.655,0.803,4.29e-05,0.0499,-7.472,1,0.179,0.651,90.973
73K33p4Vyz9koXGqmL5eFs,160194,10,0.232,0.739,0.716,0.0,0.33,-4.964,1,0.037,0.871,113.943
7Ky9U9iHjGBiRax3joCRDS,266075,4,0.531,0.556,0.552,0.0,0.121,-5.875,1,0.0373,0.531,100.051
1y1rQTkWmrZdJmjwuK07GC,234722,2,0.452,0.385,0.464,0.0,0.109,-6.975,1,0.0404,0.15,137.839
6IR6mzRO60hnMjNoq8rCPE,153083,2,0.124,0.814,0.819,0.000245,0.0496,-3.585,1,0.0454,0.661,96.979
4QyX8CBSjcoq4iMZuvifyF,213611,2,0.235,0.821,0.823,0.0,0.207,-5.455,1,0.1,0.479,107.953
72vuBPMhwFNlSYpTSf6fVD,153016,6,0.0348,0.726,0.804,5.59e-06,0.361,-4.775,0,0.078,0.644,90.983
4wIWWEhbdgKAxhR68eE0Ye,280161,7,0.606,0.659,0.774,0.000333,0.185,-7.014,1,0.0372,0.883,82.995
1AmwIgy0WYLJJ5e24aCFTm,246989,2,0.81,0.468,0.658,0.0333,0.12,-7.6,1,0.0668,0.534,87.607
4VsP4Dm8gsibRxB5I2hEkw,173638,11,0.909,0.577,0.379,0.000586,0.0986,-13.235,1,0.0374,0.26,139.585
7CVw4gVPpH1TPQttQGVmhZ,389577,10,0.619,0.769,0.648,0.0,0.154,-6.658,1,0.135,0.49,100.015
3bQsp4Vr9Rg4fNCx6HPOgX,212750,6,0.869,0.699,0.299,0.0,0.0724,-12.599,1,0.0403,0.459,118.968
1418IuVKQPTYqt7QNJ9RXN,194654,6,0.354,0.698,0.505,0.0,0.0995,-8.242,0,0.0356,0.396,95.868
2ZD4aIEepqZsdxPxLSuUhm,265108,9,0.111,0.679,0.748,0.0,0.183,-5.487,0,0.054,0.406,118.945
1fGXJZny7HUQnLKwttxmYw,113265,1,0.93,0.407,0.186,0.0,0.0879,-9.031,1,0.0371,0.511,99.772
3F3ZuXYFXGM1V6pk3b3zmi,213344,3,0.517,0.883,0.525,0.00046,0.0734,-8.391,0,0.112,0.608,97.005
0hY9eA74QrMCJuWEx7fo9y,216558,0,0.625,0.748,0.958,0.248,0.0685,-5.737,0,0.129,0.864,165.043
0rMeOAvbQZ2RTG4B6L1M4p,224240,8,0.721,0.656,0.551,1.26e-06,0.0947,-6.43,1,0.0299,0.329,114.106
4u0D2jZ20wQaEMHBSqsDnZ,226029,9,0.359,0.691,0.709,0.0,0.149,-6.136,1,0.0301,0.395,102.012
3WLJ7D5kh44K5eJ1NqZQ6W,207312,2,0.927,0.476,0.124,0.0,0.0972,-9.463,1,0.0443,0.19,94.299
6H7fLdt0AeWpuxUKXuXWrx,586076,4,0.545,0.589,0.885,0.0,0.132,-3.4,1,0.035,0.831,91.01
0oQCRjrWGvkqkdf82UlXI3,127385,10,0.239,0.837,0.636,0.0,0.0683,-4.206,0,0.0521,0.857,129.891
6eJUG282cUKuIoa72sEsqO,167787,11,0.0611,0.807,0.789,0.0,0.722,-5.237,0,0.0769,0.808,129.992
2InS5VWKJQbsFBKOsf1cJB,641941,10,0.123,0.782,0.631,0.0,0.0808,-8.473,0,0.592,0.866,113.427
6GmyQws2xpUFIN5dXBNTrl,133611,4,0.0916,0.821,0.687,3.14e-06,0.0858,-3.515,0,0.0551,0.869,129.906
4sAoshwHCmh4IHMQxZHwRD,116308,7,0.271,0.637,0.703,0.0,0.312,3.233,1,0.201,0.721,84.295
6fcQIY5VSFNrK4YzDoljPQ,127220,9,0.352,0.827,0.894,8.36e-06,0.366,-3.386,1,0.0727,0.96,134.012
2IDf0IZ9dfw0uDYV2n1bJc,199827,8,0.195,0.572,0.573,0.0,0.0897,-6.028,1,0.0596,0.468,141.935
2sYFUcurlISdHlAsnYCEgD,265451,9,0.242,0.629,0.805,0.0,0.556,-4.158,1,0.0452,0.589,124.041
697gwO5YoSGVAnlfREIZll,232258,1,0.392,0.795,0.603,0.0,0.118,-6.703,1,0.0775,0.753,124.109
42JNab8NPeCADJ9D3Cl5wS,133547,4,0.172,0.646,0.871,0.0,0.765,-6.195,1,0.219,0.624,79.994
4QCwvUs4ob87Tq9VP07Uo3,181500,0,0.496,0.682,0.668,0.0,0.171,-6.586,0,0.104,0.644,120.088
1snE820RBNNYwpqZO8ItYf,124312,10,0.296,0.875,0.605,0.000128,0.152,-5.521,0,0.21,0.812,135.104
35D06z7kmwMmYYbyJ0BkSm,202644,7,0.21,0.571,0.95,0.0,0.958,-2.893,0,0.09,0.543,159.881
1xjy8WRyYUkayJcyyWQpYe,166189,5,0.691,0.701,0.664,0.0,0.324,-4.42,1,0.0284,0.437,104.073
6nvbXA95vgyThzj2Tbhank,131611,6,0.409,0.638,0.566,7.27e-06,0.0852,-1.788,1,0.192,0.707,86.885
7vCtJ5u7dFM4tAWtgFf4l8,172549,2,0.418,0.53,0.855,0.0,0.48,-3.972,0,0.0807,0.38,159.966
6XvFnICxXsVc8OK4eh1E9b,158123,0,0.69,0.679,0.913,0.0,0.639,-3.833,1,0.234,0.791,135.929
1ZtgnRr4uKMOoCzP4vnQDl,164241,1,0.542,0.801,0.639,0.0,0.688,-4.3,1,0.0537,0.952,123.047
0wuj2T6IZtotux1Jjluo7m,171101,2,0.467,0.841,0.83,0.0,0.334,-2.502,0,0.122,0.798,122.109
2twZl1jsRbJRTNCE6VB6eW,141176,0,0.15,0.644,0.6,0.0,0.131,-4.805,0,0.415,0.518,136.189
00ZKeP47bZtswtANkvxz2j,221538,7,0.889,0.734,0.228,0.00642,0.102,-4.731,0,0.53,0.522,162.524
26l5FAEVr9cfaILS0szvvt,162194,11,0.166,0.824,0.819,0.001,0.425,-4.263,0,0.118,0.719,94.02
4f0aDk7HX37SfzerfznYlr,159323,4,0.708,0.691,0.752,6.07e-06,0.912,-6.796,0,0.157,0.684,167.073
1CtcgU1q0BgJN4Aottdscu,125108,9,0.47,0.919,0.953,2.38e-06,0.113,-2.62,0,0.0443,0.874,133.515
3ZNjlT5zR0jkEVzSSZCQeJ,615810,11,0.607,0.601,0.51,0.0,0.156,-4.471,0,0.143,0.923,88.242
4ssTFuVeNJG8py5dr2P2pV,141216,2,0.266,0.5,0.857,0.0,0.732,-3.582,1,0.0974,0.816,158.074
2cZ62VBKsdZ7u1kKKJdFOc,187153,9,0.07,0.553,0.444,0.00301,0.0762,-7.667,1,0.123,0.344,127.414
7G2yGMHlcPPTCDhMrAaMyZ,177327,5,0.179,0.606,0.741,0.0,0.722,-3.973,1,0.0285,0.239,114.019
3wShSQczmwl6BwPqzRy1J9,124512,4,0.242,0.706,0.866,0.0,0.381,-3.337,1,0.075,0.91,166.985
5WV6br0BPUzhJwyBty80s0,129692,3,0.25,0.729,0.855,0.0,0.143,-4.405,0,0.0521,0.943,129.964
3jTyFoGeD3DTu9cnnctMWN,163014,6,0.0906,0.728,0.527,0.0,0.0861,-6.347,0,0.091,0.333,129.978
4YKujFSyakVjLdH1sDllVc,173370,4,0.33,0.664,0.839,0.0,0.94,-3.379,0,0.0393,0.48,109.984
64CovjRwInpOJW4PiGMprY,138462,7,0.504,0.92,0.413,0.0514,0.133,-7.901,0,0.0752,0.679,130.078
0fABszUFNbNq9IW503Gj8v,92093,11,0.497,0.863,0.96,0.00526,0.0853,-1.458,1,0.0492,0.586,130.118
7dKqPh21HpsysZvRWyNeM1,209520,1,0.521,0.422,0.609,1.01e-05,0.112,-6.518,1,0.0375,0.31,113.067
3iam4WkRoqMoBBCwDFZNgd,178251,10,0.39,0.359,0.76,0.0,0.247,-4.632,1,0.0513,0.496,154.136
6zdL0aLZs6g61SPGrlMvrM,157216,6,0.269,0.615,0.582,6.55e-05,0.0791,-0.93,1,0.364,0.892,84.917
23IebZSNZ8VzwUr4rJNGRG,175468,9,0.123,0.48,0.955,0.0,0.393,-4.771,1,0.178,0.337,164.126
3PGg3V56krasXrPKNvVLQU,136800,7,0.82,0.436,0.542,0.0,0.909,-7.937,0,0.0824,0.571,66.969
0QcKkN8b4iVkmVsbaze8OS,173968,1,0.112,0.477,0.922,0.0,0.371,-3.394,1,0.0606,0.521,101.571
0HlioiDYWAqP6p73XFUOP7,166491,1,0.436,0.529,0.869,0.0,0.709,-3.46,0,0.0907,0.393,147.91
4Z2i41GDQyu3KRpBavEnyR,194582,6,0.636,0.655,0.669,0.0,0.245,-4.047,1,0.0275,0.436,139.975
3PqU6gHWUaBTtIZi5oxEJ7,171712,8,0.322,0.521,0.825,0.0,0.689,-6.025,0,0.126,0.692,144.667
6vq7r1Pqd3pyI07u63cPZV,178812,6,0.176,0.588,0.893,0.0,0.803,-2.743,1,0.0866,0.626,153.778
6cRyy0XvzIdbSNzjYAOoFf,150000,8,0.409,0.849,0.521,0.0,0.322,-7.287,0,0.474,0.364,80.001
0KqVaOxvmYJMz10w3SbiaV,163671,9,0.307,0.577,0.897,0.0,0.575,-4.269,0,0.161,0.738,167.798
3h5TiWTqGxjSjFrbruPFH9,263040,6,0.128,0.66,0.727,1.31e-05,0.524,-4.028,0,0.0441,0.418,125.023
7MLX5VV97CcXIpH2QUIy13,214091,8,0.372,0.796,0.901,0.0,0.0948,-4.073,1,0.154,0.947,175.939
3vCH7bgO37Cx4dOIUlX9sv,167028,7,0.812,0.607,0.814,0.0,0.351,-7.318,1,0.106,0.681,176.032
5DcysyjaPrLzXgDauvzvn6,156377,8,0.407,0.75,0.796,0.0,0.108,-2.942,0,0.0605,0.87,123.011
